Name,xMins,GW1,GW2,GW3,GW4,GW5,Total,Points/£M,Elite%
M.Salah,89,7.7,5.9,5.8,7.0,7.0,33.4,0.46,56.8%
Palmer,89,6.4,5.9,6.4,5.4,4.8,28.8,0.55,53.0%
Haaland,89,5.9,6.0,5.0,5.5,4.0,26.4,0.38,19.6%
Marmoush,77,5.7,5.8,5.1,5.6,4.0,26.2,0.62,14.0%
Watkins,85,5.2,4.8,5.3,4.7,5.5,25.5,0.57,14.3%
B.Fernandes,90,4.9,5.1,6.5,4.0,4.9,25.4,0.57,13.3%
Wirtz,85,5.8,4.5,4.2,5.2,5.2,25.1,0.59,33.6%
Saka,89,5.0,6.3,3.9,5.5,4.2,25.0,0.50,15.6%
Isak,87,4.7,4.4,4.9,5.6,4.6,24.2,0.46,28.6%
Eze,88,4.0,4.9,4.0,5.9,4.6,23.4,0.62,9.1%
Solanke,80,5.3,3.3,4.7,4.1,3.9,21.3,0.57,12.8%
Rogers,89,4.4,4.0,4.3,3.9,4.6,21.3,0.61,25.4%
Gibbs-White,89,4.9,3.7,4.8,3.0,4.3,20.7,0.55,4.7%
Bowen,88,4.7,3.9,3.7,4.2,4.1,20.6,0.52,19.8%
Wood,81,4.8,3.7,4.7,3.1,4.2,20.4,0.54,16.3%
Sarr,83,3.4,4.3,3.5,5.0,3.8,20.0,0.62,2.2%
Neto,84,4.4,4.0,4.3,3.9,3.4,20.0,0.57,4.4%
Gakpo,68,4.6,3.7,3.4,4.2,4.0,20.0,0.53,3.9%
Virgil,88,4.4,3.7,3.5,4.4,3.9,19.9,0.66,22.7%
Frimpong,78,4.5,3.4,3.3,4.3,4.4,19.9,0.66,26.2%
Mitoma,83,4.6,3.9,3.5,3.8,4.1,19.8,0.61,5.8%
Semenyo,87,3.2,4.8,3.6,4.2,4.0,19.8,0.57,5.1%
Ødegaard,83,4.0,4.8,3.2,4.4,3.5,19.8,0.49,3.3%
Tielemans,84,4.0,3.7,4.1,3.6,4.2,19.7,0.66,1.6%
Ndiaye,79,4.2,4.3,4.0,4.1,3.0,19.5,0.60,12.3%
Evanilson,84,3.3,4.4,3.5,4.3,3.8,19.4,0.55,2.5%
Mbeumo,79,3.6,3.9,5.1,3.0,3.7,19.4,0.48,17.0%
Mateta,69,3.2,4.0,3.5,4.7,3.8,19.2,0.51,6.3%
Welbeck,76,4.4,3.6,3.5,3.7,3.9,19.1,0.59,7.8%
Murillo,88,4.2,3.6,4.3,2.8,4.1,19.0,0.69,4.6%
Enzo,89,4.1,3.9,4.0,3.6,3.4,19.0,0.59,4.1%
Muñoz,88,2.8,4.3,3.0,5.2,3.6,18.8,0.68,8.6%
Strand Larsen,81,3.5,3.7,4.0,3.3,4.2,18.7,0.58,5.9%
Mac Allister,84,4.2,3.5,3.2,3.9,3.7,18.6,0.57,1.5%
Schade,77,3.6,3.9,4.2,3.5,3.4,18.6,0.53,2.0%
A.Becker,93,4.0,3.4,3.4,3.8,3.9,18.5,0.67,10.8%
Rice,84,3.8,4.1,3.3,3.9,3.2,18.4,0.57,7.4%
Pedro Porro,76,4.9,2.4,4.1,3.8,3.2,18.4,0.67,10.9%
Bruno G.,89,3.6,3.4,3.7,4.0,3.6,18.3,0.56,1.4%
Lacroix,90,3.0,4.0,3.0,4.7,3.5,18.3,0.73,1.0%
Cunha,72,3.4,3.8,4.7,2.8,3.5,18.2,0.46,10.7%
Raya,92,3.6,4.1,3.0,4.0,3.5,18.2,0.66,18.2%
Rodrigo,85,3.9,3.9,3.8,3.6,3.0,18.1,0.56,1.6%
Anderson,84,3.9,3.6,4.0,3.0,3.7,18.1,0.66,3.9%
L.Paquetá,79,4.2,3.4,3.4,3.4,3.6,18.0,0.60,1.0%
Iwobi,82,3.5,3.7,3.0,4.0,3.8,18.0,0.55,1.4%
Damsgaard,85,3.7,3.7,3.9,3.3,3.4,17.9,0.60,1.2%
Joelinton,88,3.5,3.2,3.6,4.1,3.4,17.9,0.60,0.4%
Kudus,74,4.5,2.9,3.8,3.5,3.1,17.8,0.55,25.8%
Sánchez,93,3.8,3.6,3.8,3.4,3.2,17.8,0.71,15.2%
Tarkowski,93,3.9,3.9,3.9,3.6,2.5,17.8,0.65,4.8%
N.Williams,88,4.0,3.2,4.1,2.5,3.9,17.8,0.71,3.5%
Milenković,89,3.9,3.3,4.1,2.5,4.0,17.7,0.65,8.7%
Konaté,84,4.0,3.1,3.0,3.8,3.7,17.6,0.64,2.8%
Colwill,87,3.9,3.6,3.8,3.2,3.1,17.5,0.70,5.5%
Ederson M.,92,3.9,3.7,3.2,3.7,3.0,17.5,0.64,3.7%
Caicedo,88,3.7,3.6,3.6,3.4,3.2,17.5,0.63,7.3%
Malen,60,3.5,3.4,3.6,3.1,3.7,17.4,0.63,2.4%
Cucurella,84,3.9,3.5,3.8,3.2,2.9,17.3,0.58,19.1%
Andersen,92,3.4,3.5,2.8,3.8,3.6,17.1,0.76,1.2%
Alcaraz,79,3.6,3.8,3.5,3.6,2.6,17.1,0.62,0.3%
Munetsi,84,3.2,3.4,3.5,3.0,3.9,17.0,0.62,0.1%
Wissa,59,3.0,3.6,4.0,3.1,3.1,17.0,0.45,7.1%
Richards,88,2.8,3.7,2.7,4.4,3.3,16.9,0.75,0.8%
Vicario,93,4.0,2.9,3.6,3.4,3.1,16.9,0.68,3.5%
Schär,89,3.2,2.9,3.4,4.1,3.4,16.9,0.62,2.3%
Gabriel,76,3.1,4.3,2.6,4.0,3.0,16.9,0.56,22.9%
Wilson,70,3.5,3.6,2.7,3.8,3.2,16.9,0.61,1.3%
Kluivert,73,2.9,4.2,3.0,3.4,3.4,16.9,0.48,4.8%
Guéhi,92,2.7,3.7,2.7,4.5,3.2,16.8,0.75,13.3%
Saliba,89,3.4,4.2,2.5,3.9,2.8,16.8,0.56,14.0%
Sels,94,3.6,3.2,3.7,2.8,3.6,16.8,0.67,17.9%
McNeil,76,3.5,3.7,3.5,3.5,2.7,16.8,0.56,0.9%
Tonali,88,3.3,3.1,3.3,3.8,3.2,16.7,0.61,2.4%
Gyökeres,44,2.8,3.7,2.5,4.2,3.4,16.6,0.37,24.2%
Hall,85,2.9,2.7,3.5,4.2,3.1,16.5,0.60,2.8%
Leno,93,3.1,3.4,2.9,3.6,3.5,16.5,0.66,1.7%
Gordon,64,3.1,2.9,3.4,3.9,3.2,16.4,0.44,3.0%
Collins,91,3.4,3.2,3.9,2.8,3.1,16.4,0.66,1.7%
Pickford,92,3.4,3.5,3.5,3.3,2.7,16.4,0.60,12.3%
Robinson,91,3.2,3.4,2.5,3.7,3.5,16.3,0.65,6.4%
Areola,94,3.7,3.0,3.1,3.2,3.3,16.3,0.72,5.9%
Kelleher,93,3.2,3.2,3.6,3.0,3.1,16.2,0.72,32.2%
Romero,90,4.5,2.2,3.6,3.2,2.8,16.2,0.65,1.7%
Reijnders,68,3.4,3.7,3.3,3.4,2.5,16.2,0.59,4.8%
Gomes,89,3.1,3.3,3.4,3.0,3.4,16.2,0.59,0.1%
Gana,89,3.5,3.5,3.3,3.1,2.9,16.2,0.59,0.1%
Verbruggen,94,3.6,3.3,2.9,3.1,3.2,16.0,0.71,7.0%
Perri,94,3.6,2.8,3.2,3.1,3.2,16.0,0.71,0.3%
Konsa,89,3.0,2.9,3.3,3.0,3.7,16.0,0.71,23.5%
Georginio,61,3.7,3.3,2.9,3.0,3.1,15.9,0.53,0.4%
Petrović,90,2.7,3.7,3.0,3.3,3.2,15.9,0.71,4.7%
Branthwaite,90,3.6,3.5,3.5,3.2,2.2,15.9,0.58,1.9%
Henderson,91,2.9,3.5,2.8,3.8,2.9,15.8,0.63,3.4%
José Sá,94,2.9,3.1,3.4,2.9,3.4,15.8,0.70,2.5%
Hudson-Odoi,71,3.6,3.1,3.4,2.5,3.1,15.8,0.53,1.9%
Adingra,76,3.5,3.2,3.4,2.8,2.8,15.7,0.57,2.8%
Cash,81,3.2,2.9,3.2,2.7,3.7,15.7,0.70,1.7%
Aït-Nouri,63,3.5,3.4,2.9,3.6,2.2,15.6,0.52,23.9%
Estève,90,2.9,4.1,2.8,2.4,3.3,15.6,0.78,11.8%
Baleba,86,3.5,3.1,2.8,3.1,3.1,15.5,0.62,4.5%
Wan-Bissaka,88,3.8,2.7,2.8,3.0,3.1,15.5,0.69,31.6%
Anthony,76,3.0,4.0,2.7,2.6,3.2,15.5,0.56,0.1%
Tel,55,3.9,2.3,3.3,3.0,2.8,15.4,0.47,0.2%
Dorgu,80,2.9,3.2,4.4,2.0,2.9,15.4,0.68,5.0%
Mitchell,78,2.4,3.6,2.5,4.1,2.8,15.4,0.61,1.0%
Van den Berg,90,3.1,3.0,3.7,2.7,2.8,15.4,0.68,0.4%
Thiago,55,2.9,3.0,3.6,2.8,3.0,15.3,0.51,1.0%
Minteh,63,3.5,2.8,2.7,3.0,3.2,15.3,0.51,1.2%
Szoboszlai,67,4.1,2.7,2.6,3.0,2.8,15.3,0.47,1.8%
Kilman,92,3.8,2.7,2.9,2.8,3.0,15.2,0.68,0.4%
Aina,89,3.5,2.8,3.6,2.0,3.3,15.2,0.61,17.8%
Senesi,86,2.3,3.9,2.7,3.2,3.1,15.2,0.68,0.7%
Tavernier,64,2.6,3.6,2.9,3.1,3.0,15.2,0.55,0.4%
Ekitiké,43,3.2,2.8,2.7,3.4,3.0,15.2,0.36,5.0%
Gvardiol,67,3.4,3.4,2.9,3.3,2.1,15.2,0.51,17.3%
Cullen,91,3.0,3.3,2.9,2.8,3.0,15.1,0.60,0.1%
Piroe,69,3.5,2.6,3.1,2.8,3.0,15.1,0.55,3.5%
Lewis-Skelly,77,3.0,4.0,2.1,3.5,2.5,15.1,0.55,5.6%
Todibo,89,3.7,2.6,2.8,2.9,3.0,15.0,0.67,0.1%
Zabarnyi,90,2.2,3.8,2.7,3.3,2.9,15.0,0.60,0.5%
Mykolenko,89,3.4,3.3,3.4,3.0,1.9,15.0,0.60,4.5%
Xhaka,87,3.2,3.1,3.1,2.8,2.8,15.0,0.60,2.1%
Garner,83,3.2,3.1,3.2,3.0,2.5,15.0,0.60,0.1%
Onana,88,1.5,3.2,4.0,2.9,3.3,14.9,0.60,0.1%
Roefs,88,3.2,3.2,3.1,2.7,2.7,14.9,0.66,0.1%
Flemming,71,2.9,3.8,2.6,2.6,3.0,14.8,0.54,0.2%
Truffert,88,1.9,4.1,2.6,3.2,3.0,14.8,0.66,1.3%
James,66,3.3,2.4,3.1,2.8,3.1,14.8,0.54,0.9%
João Pedro,69,3.9,2.8,3.0,2.7,2.4,14.8,0.39,52.5%
Muniz,63,3.1,3.1,2.5,3.0,3.0,14.7,0.54,2.5%
Ndoye,63,3.2,2.7,3.5,2.2,3.0,14.7,0.49,0.3%
Kerkez,69,3.4,2.4,2.4,3.5,2.9,14.6,0.49,10.7%
Füllkrug,60,3.2,2.8,2.8,3.1,2.8,14.6,0.49,1.9%
Foden,45,3.0,3.2,3.1,3.0,2.3,14.6,0.37,3.2%
Pope,83,2.8,2.7,3.0,3.3,2.9,14.6,0.58,3.9%
Fofana,76,3.2,3.0,3.1,2.6,2.6,14.5,0.64,0.3%
J.Ramsey,61,3.0,2.8,2.9,2.7,3.1,14.5,0.53,0.6%
Rúben,74,3.3,3.1,2.9,3.0,2.1,14.4,0.52,2.4%
Kamara,83,2.9,2.9,2.9,2.6,3.0,14.3,0.57,0.2%
Carvalho,57,2.8,2.8,3.1,2.8,2.8,14.3,0.57,0.3%
Agbadou,91,2.4,2.9,3.2,2.3,3.4,14.3,0.63,0.4%
E.Le Fée,70,3.1,3.0,3.0,2.5,2.6,14.3,0.57,1.2%
Bassey,90,2.7,2.9,2.3,3.4,2.9,14.2,0.63,0.4%
Souček,71,3.2,2.8,2.8,2.7,2.8,14.2,0.47,0.9%
Van Hecke,87,3.4,3.0,2.2,2.8,2.8,14.2,0.63,1.2%
Lukić,80,2.8,2.9,2.7,3.0,2.8,14.2,0.57,0.1%
De Cuyper,67,3.4,2.8,2.3,2.7,2.9,14.2,0.63,8.2%
Ballard,90,3.3,3.2,2.8,2.4,2.5,14.2,0.63,0.3%
Mayenda,67,3.3,2.8,3.0,2.4,2.6,14.1,0.51,0.5%
Martinez,0,0.0,3.3,3.6,3.5,3.8,14.1,0.56,0.5%
Edwards,64,2.6,3.6,2.5,2.5,2.9,14.0,0.56,0.2%
Van de Ven,87,3.9,1.8,3.1,2.8,2.4,14.0,0.62,17.4%
Pau,73,2.6,2.6,2.9,2.8,3.2,14.0,0.62,0.4%
O'Brien,88,3.1,3.2,3.1,2.8,1.7,14.0,0.56,0.4%
De Ligt,82,2.7,2.9,3.9,1.9,2.6,14.0,0.56,1.0%
Bentancur,77,3.3,2.5,3.0,2.7,2.4,13.9,0.51,0.1%
Wharton,68,2.7,2.8,2.6,3.1,2.7,13.9,0.56,0.5%
André,87,2.8,2.9,2.7,2.6,2.9,13.9,0.50,0.1%
Bogle,86,3.6,1.9,2.8,2.6,2.9,13.8,0.61,0.7%
Havertz,57,2.9,3.4,2.3,2.9,2.2,13.8,0.37,1.4%
Lewis-Potter,78,2.7,2.8,3.4,2.4,2.4,13.7,0.55,0.5%
Burn,76,2.6,2.4,2.8,3.3,2.6,13.7,0.55,3.2%
Trossard,46,2.7,3.4,2.1,2.9,2.4,13.5,0.39,1.5%
Henderson,75,3.0,2.9,2.8,2.5,2.3,13.5,0.54,0.4%
Elanga,55,2.7,2.4,2.7,3.2,2.6,13.5,0.39,9.8%
Rodon,89,3.3,2.1,2.6,2.6,2.8,13.5,0.67,1.8%
N.Jackson,0,0.0,3.4,3.7,3.3,3.1,13.5,0.41,0.1%
Zubimendi,60,2.3,2.9,2.4,3.0,2.7,13.4,0.49,1.7%
Raúl,34,1.9,2.6,2.2,3.4,3.2,13.3,0.41,2.4%
Toti,89,2.2,2.7,3.1,2.2,3.1,13.3,0.59,0.2%
Ward-Prowse,60,2.9,2.5,2.5,2.8,2.7,13.3,0.44,0.4%
Hume,87,3.1,3.0,2.8,2.2,2.2,13.3,0.59,0.3%
Tete,68,2.6,3.0,2.0,2.7,2.8,13.2,0.59,0.2%
Stach,73,3.0,2.4,2.5,2.5,2.7,13.1,0.52,0.1%
Gudmundsson,82,3.4,1.8,2.6,2.4,2.8,13.0,0.65,2.0%
Reinildo,89,3.0,2.9,2.7,2.1,2.3,13.0,0.65,8.3%
Beto,53,2.8,2.8,2.6,2.7,2.0,13.0,0.47,13.9%
Bernardo,57,2.7,2.9,2.6,2.8,2.0,12.9,0.40,0.6%
Livramento,73,2.4,2.1,2.7,3.2,2.6,12.9,0.52,4.3%
James,55,2.9,2.7,3.0,2.1,2.2,12.9,0.47,4.6%
Dalot,71,2.2,2.6,3.8,1.6,2.6,12.8,0.57,2.7%
Mazraoui,70,2.5,2.7,3.3,1.8,2.3,12.6,0.50,1.1%
Bellegarde,53,2.3,2.5,2.7,2.4,2.6,12.5,0.46,0.1%
Odobert,48,3.0,2.0,2.7,2.6,2.3,12.5,0.46,0.1%
Sangaré,63,2.5,2.6,2.6,2.2,2.6,12.4,0.50,0.1%
McGinn,47,2.4,2.3,2.5,2.4,2.9,12.4,0.45,0.6%
Gravenberch,0,0.0,3.0,3.0,3.2,3.2,12.4,0.45,0.1%
Doherty,72,1.9,2.4,2.9,2.0,3.1,12.3,0.54,0.2%
Andreas,43,2.1,2.4,2.0,3.0,2.7,12.2,0.44,0.5%
Gnonto,54,2.7,2.1,2.5,2.3,2.5,12.1,0.44,0.7%
Amad,51,2.2,2.5,2.9,2.0,2.5,12.1,0.37,3.7%
Smith Rowe,45,2.1,2.6,2.1,2.5,2.7,12.0,0.40,1.2%
Barry,48,2.4,2.6,2.4,2.5,2.1,12.0,0.40,1.2%
White,66,2.7,3.1,1.6,2.6,1.9,12.0,0.44,0.9%
Bergvall,51,2.5,2.0,2.7,2.6,2.2,11.9,0.43,0.2%
Weiss,69,2.3,2.7,2.3,2.2,2.4,11.9,0.53,0.2%
Hannibal,65,2.3,2.8,2.2,2.1,2.4,11.8,0.47,0.2%
Roberts,52,2.6,2.5,2.4,2.0,2.2,11.8,0.43,0.1%
Yarmoliuk,63,2.5,2.4,2.5,2.2,2.1,11.8,0.47,0.1%
Walker,85,2.1,3.5,2.0,1.7,2.5,11.7,0.52,2.2%
Kayode,76,2.6,2.3,2.9,1.9,1.9,11.6,0.52,0.3%
Martinelli,43,2.5,2.6,1.9,2.5,2.1,11.6,0.33,1.4%
Berge,71,2.4,2.4,2.1,2.3,2.4,11.6,0.46,0.1%
Barnes,39,2.1,2.2,2.5,2.6,2.1,11.5,0.35,0.5%
Diarra,60,2.4,2.3,2.5,2.1,2.2,11.5,0.42,0.1%
Longstaff,62,2.4,2.0,2.4,2.2,2.3,11.4,0.46,0.3%
Johnson,36,2.4,1.8,2.5,2.3,2.2,11.3,0.32,3.5%
Adams,86,2.9,3.2,2.0,1.6,1.5,11.2,0.45,0.2%
R.Gomes,56,1.8,2.2,2.6,1.9,2.7,11.2,0.50,0.1%
Digne,43,1.9,2.1,2.5,2.0,2.6,11.1,0.49,1.7%
Tuanzebe,78,2.2,3.0,1.9,1.7,2.2,11.0,0.55,3.6%
Hartman,69,1.9,3.3,1.8,1.5,2.3,10.9,0.55,0.4%
Scott,70,2.5,3.3,1.6,1.7,1.8,10.9,0.44,0.1%
Diouf,59,3.1,2.0,2.0,1.9,1.9,10.9,0.48,2.8%
Walker-Peters,61,2.5,1.8,2.1,2.2,2.1,10.8,0.48,0.5%
Tanaka,65,2.4,2.0,2.1,2.1,2.0,10.7,0.43,0.4%
Boscagli,55,2.3,2.3,1.8,2.2,2.0,10.6,0.47,0.2%
Yoro,56,1.8,2.3,3.0,1.6,1.9,10.6,0.47,1.1%
Maatsen,47,2.1,1.9,2.2,2.0,2.4,10.5,0.47,0.9%
Gittens,39,2.4,2.0,2.1,1.9,2.1,10.5,0.32,0.3%
Mainoo,52,2.0,2.2,2.4,2.0,1.9,10.5,0.42,1.0%
Bruun Larsen,49,2.1,2.6,1.9,1.7,2.0,10.4,0.38,0.1%
Mavropanos,41,1.9,1.8,2.1,2.1,2.2,10.2,0.45,0.1%
Højlund,33,1.7,1.9,2.5,2.0,2.2,10.2,0.31,1.1%
Talbi,45,2.2,2.1,2.1,1.8,1.8,10.1,0.40,0.2%
Smith,65,1.3,2.7,1.8,2.2,2.0,10.0,0.45,0.2%
Ampadu,63,2.2,1.7,2.0,2.0,2.2,10.0,0.40,0.1%
Dunk,61,2.4,2.1,1.5,1.8,2.1,9.9,0.44,1.0%
Wilson,34,2.2,1.8,2.0,2.0,1.9,9.9,0.33,0.1%
Ugarte,52,1.9,2.0,2.2,1.8,2.0,9.9,0.40,0.2%
J.Arias,36,1.5,2.0,2.3,1.8,2.2,9.8,0.36,1.1%
Udogie,52,2.6,1.3,2.1,2.0,1.6,9.7,0.43,8.0%
Gündoğan,42,2.2,2.0,2.0,1.9,1.5,9.7,0.30,0.2%
Richarlison,33,2.2,1.6,2.0,1.9,1.9,9.6,0.30,1.0%
O.Dango,33,1.5,2.1,1.8,2.1,2.1,9.6,0.32,0.3%
Bijol,0,0.0,2.0,2.3,2.3,2.9,9.5,0.48,0.2%
Nketiah,32,1.6,1.9,1.7,2.4,1.9,9.5,0.35,1.6%
Merino,36,1.8,2.3,1.7,2.0,1.6,9.4,0.31,0.9%
Matheus N.,40,2.2,2.2,1.7,1.9,1.4,9.4,0.34,0.6%
Doku,33,2.0,1.9,2.0,1.8,1.6,9.2,0.28,1.2%
Hughes,46,1.6,1.8,1.7,2.1,1.8,9.0,0.36,0.1%
Spence,46,2.3,1.1,2.0,1.9,1.7,9.0,0.40,0.6%
C.Jones,46,2.5,1.4,1.6,1.7,1.8,8.9,0.32,0.1%
J.Timber,30,1.2,1.9,1.2,2.5,2.0,8.9,0.32,2.3%
Hinshelwood,46,1.9,1.7,1.7,1.8,1.8,8.8,0.32,0.2%
Darwin,29,2.0,1.7,1.5,1.8,1.8,8.8,0.27,1.4%
Ayari,41,1.9,1.8,1.6,1.7,1.7,8.8,0.35,0.3%
Cook,0,0.0,0.0,2.9,2.8,3.0,8.7,0.35,0.0%
Guedes,26,1.4,1.6,1.9,1.6,2.1,8.7,0.32,0.1%
Hoever,44,1.3,1.7,2.2,1.4,2.0,8.7,0.43,2.5%
F.Kadıoğlu,44,2.0,1.8,1.4,1.7,1.7,8.6,0.38,0.3%
Amdouni,40,1.7,2.4,1.5,1.4,1.6,8.6,0.34,0.4%
Mosquera,42,1.2,1.7,1.9,1.6,2.1,8.6,0.38,0.1%
J.Murphy,30,1.5,1.6,1.7,2.1,1.7,8.5,0.26,2.9%
Sadiki,43,1.8,1.8,1.7,1.6,1.6,8.5,0.34,0.1%
Lerma,40,1.5,1.9,1.5,1.9,1.7,8.5,0.34,0.1%
Maguire,44,1.5,1.8,2.3,1.3,1.5,8.5,0.38,0.6%
Adama,29,1.5,1.6,1.5,2.0,1.8,8.4,0.31,0.4%
Nmecha,30,1.8,1.5,1.7,1.7,1.7,8.4,0.34,0.8%
Yates,39,1.7,1.6,1.7,1.5,1.8,8.3,0.33,0.2%
Jensen,41,1.8,1.8,1.7,1.4,1.5,8.2,0.33,0.1%
Aaronson,27,1.5,1.4,1.9,1.6,1.6,8.1,0.29,0.1%
S.Bueno,47,1.2,1.5,2.0,1.3,2.0,8.0,0.36,0.1%
Patterson,30,1.3,1.8,1.9,1.8,1.1,8.0,0.36,0.2%
Cherki,22,1.5,1.7,1.6,1.8,1.3,7.9,0.24,9.2%
Akanji,39,1.8,1.5,1.7,1.7,1.2,7.8,0.29,0.6%
Isidor,31,1.6,1.7,1.5,1.3,1.7,7.8,0.28,0.4%
Lewis,33,1.5,1.7,1.4,1.8,1.3,7.8,0.31,0.6%
Laurent,39,1.4,1.7,1.4,1.5,1.6,7.7,0.31,0.1%
Sessegnon,22,1.1,1.7,1.4,1.6,1.8,7.6,0.28,0.2%
L.Guilherme,27,1.5,1.5,1.7,1.4,1.4,7.5,0.30,0.1%
Henry,38,1.3,1.4,1.8,1.4,1.5,7.3,0.33,0.2%
Onana,30,1.3,1.3,1.5,1.5,1.7,7.2,0.29,1.7%
Seelt,62,2.2,2.1,1.8,0.8,0.3,7.2,0.36,0.4%
Jota,22,1.4,1.2,1.7,1.2,1.6,7.1,0.26,0.1%
Kamada,29,1.2,1.4,1.3,1.7,1.4,7.1,0.28,0.1%
Foster,27,1.3,1.7,1.2,1.4,1.3,6.9,0.28,0.4%
G.Rodriguez,36,1.5,1.3,1.4,1.4,1.4,6.8,0.27,0.1%
Ramazani,21,1.3,1.1,1.5,1.5,1.4,6.8,0.27,0.1%
Milambo,16,0.8,1.3,1.5,1.5,1.7,6.8,0.25,0.1%
Mount,24,1.2,1.4,1.8,1.1,1.3,6.7,0.22,0.2%
Casemiro,29,1.3,1.1,1.5,1.3,1.4,6.6,0.24,0.2%
Savinho,18,1.2,1.2,1.4,1.4,1.2,6.5,0.19,1.9%
Gruda,18,1.2,1.5,1.3,1.2,1.4,6.5,0.24,0.1%
Mings,27,1.1,1.1,1.4,1.1,1.7,6.5,0.29,0.5%
O'Riley,21,1.3,1.3,1.2,1.3,1.4,6.4,0.23,0.2%
Harrison,22,1.3,1.1,1.3,1.4,1.3,6.4,0.23,0.2%
Trippier,28,1.1,0.9,1.4,1.8,1.2,6.4,0.25,1.5%
Gusto,25,1.2,1.3,1.3,1.2,1.3,6.3,0.25,2.2%
Robertson,22,1.3,1.2,1.1,1.3,1.5,6.3,0.21,2.1%
P.M.Sarr,22,1.2,1.0,1.4,1.3,1.3,6.2,0.25,1.8%
Christie,0,0.0,0.0,1.0,2.6,2.5,6.1,0.24,0.5%
Lavia,32,1.3,1.2,1.1,1.3,1.2,6.0,0.24,0.1%
Bradley,19,1.1,0.8,1.2,1.4,1.4,5.9,0.24,0.7%
Bailey,15,1.0,1.1,1.3,1.2,1.2,5.8,0.21,0.5%
Morato,22,0.9,1.0,1.3,1.0,1.5,5.8,0.26,0.1%
Álvarez,21,0.9,1.1,1.3,1.2,1.2,5.7,0.23,0.2%
Botman,23,0.9,0.9,1.1,1.3,1.4,5.6,0.23,0.5%
J.Araujo,31,0.8,1.3,1.1,1.1,1.3,5.6,0.28,1.3%
Struijk,63,2.7,0.5,0.8,0.9,0.8,5.6,0.25,0.4%
Delap,26,1.8,1.0,0.8,0.9,1.0,5.5,0.17,4.6%
Castagne,24,0.9,1.1,0.9,1.4,1.2,5.5,0.24,0.2%
Coppola,22,1.0,1.1,1.0,1.2,1.2,5.4,0.24,0.1%
Wieffer,21,1.0,1.1,1.0,1.1,1.2,5.4,0.22,0.1%
Brooks,20,1.0,1.4,1.0,0.9,1.0,5.3,0.21,0.2%
Aké,22,1.0,1.0,1.0,1.2,1.1,5.3,0.19,0.5%
Shaw,26,0.9,1.0,1.5,0.9,1.0,5.3,0.23,0.2%
Zirkzee,11,0.7,0.8,1.3,0.9,1.4,5.0,0.17,1.1%
Iroegbunam,19,0.8,1.1,1.0,1.0,1.0,4.9,0.20,0.1%
Calafiori,23,1.0,1.1,0.8,1.1,0.9,4.9,0.18,0.6%
Elliott,20,1.3,0.6,0.8,1.1,1.0,4.9,0.18,0.2%
Madueke,7,0.6,0.9,0.8,1.3,1.3,4.9,0.14,1.7%
Gomez,13,0.6,0.7,0.8,1.3,1.4,4.8,0.19,0.2%
A.Ramsey,10,0.5,0.7,0.9,1.1,1.6,4.7,0.21,12.8%
Igor Jesus,12,0.8,0.9,1.2,0.8,1.1,4.7,0.16,1.3%
Sinisterra,14,0.7,1.0,1.0,0.8,1.1,4.7,0.19,0.2%
Hladký,25,0.8,1.2,0.8,0.8,1.0,4.6,0.23,0.5%
Rigg,14,0.8,0.9,1.0,0.9,1.0,4.6,0.18,0.1%
L.Miley,17,0.7,0.9,1.1,1.0,0.8,4.5,0.20,3.3%
Danso,15,0.7,0.7,0.9,1.0,1.1,4.4,0.20,0.1%
M.França,9,0.5,0.7,1.0,1.2,1.0,4.4,0.20,0.1%
Bornauw,42,1.7,0.4,0.7,0.8,0.9,4.4,0.22,0.3%
Awoniyi,13,0.8,0.7,0.9,0.8,1.1,4.3,0.16,0.8%
Gomez,13,0.7,0.6,0.8,1.0,1.1,4.2,0.17,0.1%
Ekdal,20,0.6,1.0,0.7,0.7,1.0,4.1,0.20,0.3%
Chalobah,15,0.7,0.6,1.1,0.9,0.7,4.0,0.16,0.6%
Estêvão,15,1.0,0.7,0.8,0.8,0.8,4.0,0.12,0.5%
Lamptey,19,0.9,0.6,0.6,0.9,1.0,4.0,0.18,0.4%
Philip,23,1.0,1.5,0.5,0.4,0.4,4.0,0.16,0.1%
Veltman,20,0.8,0.8,0.9,0.7,0.7,3.9,0.17,0.3%
M.Bizot,93,3.4,0.1,0.1,0.1,0.2,3.9,0.17,0.3%
Scarles,13,0.6,0.7,0.8,0.8,0.9,3.8,0.17,0.1%
Osula,7,0.5,0.6,0.7,1.2,0.7,3.8,0.14,0.2%
Ekwah,20,0.8,0.8,0.9,0.7,0.5,3.7,0.17,0.1%
Esse,8,0.5,0.7,0.7,0.9,0.8,3.7,0.15,0.3%
Hee Chan,5,0.4,0.6,0.7,0.8,1.1,3.6,0.12,0.2%
Khusanov,18,0.8,0.7,0.6,0.9,0.7,3.6,0.13,0.3%
Koleosho,14,0.7,0.8,0.6,0.7,0.8,3.6,0.14,0.1%
N.Gonzalez,12,0.6,0.7,0.8,0.7,0.7,3.5,0.12,0.1%
Cairney,9,0.5,0.6,0.6,0.8,1.1,3.5,0.14,0.1%
Kroupi.Jr,11,0.6,1.0,0.5,0.6,0.7,3.4,0.15,1.5%
Sosa,11,0.4,0.6,0.6,0.9,0.9,3.4,0.14,0.1%
Clyne,11,0.4,0.6,0.7,0.9,0.8,3.4,0.17,0.7%
Barkley,8,0.5,0.5,0.8,0.6,1.0,3.3,0.13,0.3%
Nunes,9,0.6,0.6,0.9,0.5,0.7,3.2,0.13,0.1%
King,8,0.5,0.6,0.5,0.6,1.0,3.2,0.14,0.3%
Tchaouna,8,0.5,0.8,0.6,0.6,0.7,3.2,0.13,0.1%
O'Nien,0,0.0,0.0,0.0,1.0,2.2,3.2,0.16,0.0%
Summerville,0,0.0,0.0,0.0,1.0,2.2,3.2,0.12,0.0%
Stones,11,0.5,0.7,0.7,0.6,0.6,3.1,0.11,0.5%
Aznou,10,0.4,0.7,0.7,0.8,0.6,3.1,0.14,0.1%
Chiesa,7,0.6,0.5,0.5,0.7,0.7,3.1,0.10,0.1%
Hato,10,0.4,0.5,0.7,0.7,0.8,3.1,0.12,0.1%
Byram,15,0.6,0.4,0.6,0.6,0.9,3.1,0.15,0.4%
Dewsbury-Hall,7,0.4,0.5,0.9,0.6,0.6,3.1,0.12,0.4%
Hickey,5,0.2,0.4,0.7,0.7,1.1,3.0,0.15,0.8%
Nørgaard,12,0.5,0.6,0.6,0.6,0.6,2.9,0.11,0.7%
Benson,10,0.5,0.6,0.5,0.5,0.7,2.8,0.10,0.0%
Pinnock,6,0.2,0.4,0.9,0.6,0.6,2.8,0.13,0.3%
Neil,10,0.3,0.6,0.7,0.6,0.6,2.8,0.11,0.1%
Humphreys,11,0.3,0.7,0.5,0.4,0.7,2.8,0.14,0.4%
Pedro Lima,11,0.4,0.4,0.7,0.5,0.8,2.7,0.14,1.4%
Kiwior,11,0.4,0.5,0.4,0.7,0.7,2.7,0.10,0.1%
Grealish,6,0.5,0.6,0.5,0.6,0.5,2.7,0.08,0.1%
Nwaneri,6,0.4,0.6,0.6,0.5,0.6,2.6,0.10,0.4%
Lesley Ugochukwu,11,0.5,0.4,0.5,0.7,0.5,2.6,0.01,0.0%
Nkunku,7,0.6,0.4,0.5,0.5,0.5,2.6,0.09,0.3%
Bissouma,10,0.5,0.4,0.6,0.5,0.5,2.6,0.09,0.1%
Mepham,9,0.2,0.6,0.5,0.6,0.7,2.6,0.13,0.3%
Gruev,8,0.3,0.4,0.4,0.6,0.8,2.5,0.10,0.1%
Endo,23,1.1,0.3,0.4,0.4,0.4,2.5,0.10,0.1%
Janelt,0,0.0,0.0,0.5,1.0,0.9,2.5,0.10,0.2%
Devenny,5,0.3,0.5,0.5,0.6,0.6,2.4,0.11,1.7%
March,0,0.0,0.0,0.3,1.0,1.2,2.4,0.08,0.1%
Lucas Pires,9,0.2,0.5,0.5,0.5,0.7,2.4,0.12,0.3%
Tzimas,4,0.4,0.5,0.4,0.4,0.6,2.4,0.09,0.1%
Barnes,6,0.4,0.4,0.5,0.4,0.6,2.4,0.10,5.0%
Gray,8,0.3,0.4,0.5,0.5,0.7,2.4,0.09,0.2%
Igor,9,0.3,0.4,0.4,0.6,0.5,2.3,0.10,0.1%
Mundle,0,0.0,0.0,0.5,0.9,1.0,2.3,0.09,0.1%
Diop,7,0.2,0.5,0.4,0.6,0.6,2.3,0.10,0.1%
A.García,8,0.4,0.4,0.5,0.4,0.6,2.3,0.12,1.0%
Buonanotte,4,0.4,0.5,0.5,0.5,0.4,2.3,0.09,0.3%
Willock,0,0.0,0.0,0.0,0.8,1.4,2.2,0.09,0.2%
H.Bueno,10,0.4,0.4,0.6,0.4,0.4,2.2,0.10,0.1%
Ajer,7,0.3,0.4,0.6,0.4,0.4,2.2,0.10,0.2%
Y.Chermiti,4,0.4,0.4,0.4,0.5,0.4,2.1,0.08,0.2%
Doucouré,4,0.2,0.4,0.6,0.5,0.5,2.1,0.08,0.0%
Bayindir,49,1.6,0.2,0.1,0.1,0.1,2.1,0.08,0.5%
Josh Bowler,4,0.3,0.4,0.5,0.4,0.5,2.1,0.00,0.0%
Da Silva Moreira,3,0.3,0.4,0.5,0.3,0.5,2.1,0.09,0.2%
Bobb,2,0.2,0.4,0.5,0.4,0.5,2.0,0.07,0.1%
Poveda,5,0.4,0.4,0.4,0.3,0.4,1.9,0.08,0.1%
Emerson,5,0.3,0.4,0.4,0.5,0.3,1.9,0.08,0.2%
Huggins,12,0.4,0.6,0.6,0.2,0.1,1.9,0.10,0.3%
Stamenic,4,0.2,0.3,0.4,0.5,0.5,1.9,0.08,0.1%
McAtee,2,0.2,0.2,0.4,0.5,0.5,1.8,0.07,0.1%
Keane,6,0.3,0.2,0.4,0.4,0.4,1.7,0.08,0.3%
Tsimikas,4,0.3,0.2,0.3,0.4,0.5,1.7,0.07,0.1%
Pembele,8,0.3,0.3,0.5,0.3,0.3,1.7,0.08,0.3%
O.Richards,3,0.1,0.3,0.4,0.3,0.5,1.6,0.07,0.1%
Bryan,1,0.2,0.3,0.4,0.4,0.3,1.6,0.07,0.1%
Heaven,5,0.2,0.2,0.5,0.3,0.4,1.6,0.08,2.1%
Roberts,8,0.2,0.5,0.3,0.2,0.4,1.6,0.07,0.1%
Sima,2,0.2,0.3,0.3,0.3,0.5,1.6,0.06,0.0%
Coleman,3,0.2,0.3,0.3,0.4,0.3,1.6,0.07,0.1%
Tosin,5,0.2,0.1,0.4,0.4,0.5,1.6,0.07,0.3%
Patterson,4,0.1,0.3,0.3,0.4,0.4,1.6,0.07,0.5%
David Møller Wolfe,9,0.3,0.3,0.4,0.2,0.4,1.5,0.00,0.0%
Obi,2,0.2,0.3,0.4,0.3,0.2,1.5,0.07,4.9%
Cornet,2,0.2,0.3,0.4,0.3,0.4,1.5,0.06,0.1%
Hill,3,0.1,0.3,0.3,0.4,0.4,1.5,0.07,0.7%
Mamardashvili,1,0.1,0.2,0.3,0.4,0.4,1.4,0.06,0.7%
Roerslev,7,0.3,0.3,0.4,0.2,0.2,1.4,0.06,0.1%
Obafemi,3,0.3,0.3,0.3,0.2,0.3,1.4,0.06,0.8%
Benitez,4,0.1,0.2,0.2,0.4,0.4,1.4,0.07,0.5%
Solomon,1,0.1,0.1,0.2,0.4,0.5,1.4,0.05,0.1%
Armstrong,3,0.1,0.2,0.3,0.4,0.4,1.3,0.06,0.4%
Bamford,2,0.2,0.3,0.3,0.3,0.2,1.3,0.05,3.1%
Alex Moreno,3,0.1,0.2,0.3,0.3,0.4,1.3,0.06,11.6%
Hayden,1,0.1,0.2,0.4,0.3,0.2,1.3,0.06,0.1%
Soler,3,0.1,0.3,0.2,0.3,0.3,1.2,0.06,0.4%
George,3,0.3,0.3,0.3,0.2,0.2,1.2,0.05,0.1%
Raheem Sterling,3,0.3,0.2,0.3,0.2,0.3,1.2,0.00,0.0%
Krafth,2,0.1,0.1,0.4,0.3,0.4,1.2,0.05,0.1%
Carney Chukwuemeka,2,0.2,0.2,0.2,0.2,0.3,1.1,0.00,0.0%
Kalajdžić,1,0.2,0.2,0.3,0.2,0.3,1.1,0.04,0.2%
Malacia,3,0.2,0.2,0.3,0.2,0.2,1.1,0.06,0.4%
Kovačić,0,0.0,0.0,0.0,0.4,0.7,1.1,0.04,0.0%
Davies,2,0.1,0.1,0.3,0.3,0.2,1.1,0.05,0.1%
Irving,1,0.1,0.2,0.3,0.3,0.2,1.0,0.05,0.3%
Martinez,0,0.0,0.0,0.0,0.1,0.9,1.0,0.04,0.6%
Zinchenko,1,0.1,0.1,0.2,0.3,0.2,1.0,0.04,0.3%
Fer López,0,0.0,0.2,0.2,0.3,0.3,1.0,0.04,0.1%
Faivre,1,0.1,0.2,0.1,0.2,0.2,0.9,0.04,0.3%
Amass,3,0.1,0.2,0.2,0.2,0.2,0.9,0.05,0.3%
Greenwood,0,0.0,0.2,0.2,0.2,0.3,0.9,0.04,0.1%
Neto,2,0.1,0.2,0.2,0.2,0.3,0.9,0.04,1.2%
Bogarde,1,0.0,0.1,0.2,0.3,0.3,0.9,0.04,0.3%
Browne,1,0.1,0.2,0.2,0.2,0.3,0.9,0.04,0.1%
Fábio Silva,0,0.0,0.1,0.2,0.2,0.3,0.9,0.03,0.7%
Marshall,1,0.2,0.0,0.2,0.2,0.3,0.9,0.04,0.9%
Triantis,4,0.2,0.2,0.2,0.2,0.1,0.9,0.04,0.1%
Hjelde,0,0.0,0.0,0.0,0.3,0.5,0.9,0.04,0.0%
Jordan,1,0.0,0.1,0.2,0.2,0.4,0.9,0.04,0.2%
Reed,0,0.0,0.2,0.2,0.3,0.2,0.9,0.04,0.3%
Collyer,1,0.1,0.1,0.2,0.2,0.2,0.8,0.04,0.2%
Sarmiento,0,0.0,0.1,0.2,0.2,0.3,0.8,0.03,0.1%
Alese,0,0.0,0.0,0.0,0.5,0.3,0.8,0.04,0.0%
Schmidt,3,0.1,0.0,0.2,0.2,0.2,0.8,0.04,0.3%
O’Reilly,1,0.1,0.1,0.2,0.2,0.2,0.7,0.03,0.2%
Arrizabalaga,1,0.1,0.1,0.2,0.2,0.2,0.7,0.03,1.0%
M.Sarr,3,0.1,0.1,0.2,0.1,0.1,0.7,0.03,0.1%
Holding,1,0.0,0.1,0.2,0.2,0.2,0.7,0.04,0.3%
Gelhardt,0,0.0,0.2,0.2,0.2,0.2,0.7,0.03,0.3%
Jörgensen,2,0.1,0.0,0.2,0.1,0.3,0.7,0.03,0.2%
Buendía,0,0.0,0.1,0.2,0.2,0.2,0.7,0.02,0.1%
Rusyn,0,0.0,0.1,0.1,0.2,0.2,0.7,0.03,0.3%
J.Cuenca,0,0.0,0.1,0.1,0.2,0.3,0.7,0.03,0.1%
Jair Cunha,1,0.0,0.1,0.1,0.2,0.2,0.6,0.03,0.1%
Travers,0,0.0,0.1,0.1,0.2,0.2,0.6,0.03,0.2%
Ortega Moreno,0,0.0,0.2,0.1,0.2,0.1,0.6,0.02,0.5%
Maghoma,1,0.1,0.1,0.1,0.1,0.1,0.6,0.02,0.1%
Steele,1,0.0,0.1,0.1,0.2,0.1,0.5,0.02,0.4%
Trafford,0,0.0,0.1,0.2,0.1,0.1,0.5,0.02,3.4%
B.Badiashile,1,0.1,0.1,0.1,0.2,0.1,0.5,0.02,0.1%
D.Essugo,0,0.0,0.1,0.1,0.1,0.1,0.5,0.02,0.1%
Valdimarsson,1,0.0,0.0,0.2,0.1,0.1,0.5,0.02,2.1%
Darlow,1,0.0,0.0,0.1,0.2,0.1,0.5,0.02,7.5%
Mosquera,1,0.0,0.1,0.1,0.1,0.2,0.5,0.02,0.1%
Axel Disasi,0,0.0,0.1,0.1,0.1,0.2,0.5,0.00,0.0%
H.Traorè,0,0.0,0.2,0.1,0.1,0.1,0.5,0.02,0.3%
Bajcetic,0,0.0,0.0,0.0,0.2,0.2,0.5,0.02,0.1%
Lecomte,1,0.1,0.1,0.0,0.1,0.2,0.4,0.02,1.0%
Armando Broja,2,0.2,0.1,0.0,0.0,0.1,0.4,0.00,0.0%
Winterburn,2,0.2,0.3,0.0,0.0,0.0,0.4,0.02,0.1%
David Datro Fofana,1,0.1,0.0,0.0,0.2,0.1,0.4,0.00,0.0%
Kinsky,1,0.1,0.0,0.1,0.1,0.2,0.4,0.02,5.4%
Fábio Vieira,0,0.0,0.1,0.0,0.1,0.1,0.4,0.01,0.1%
Foderingham,0,0.0,0.1,0.1,0.1,0.1,0.4,0.02,1.0%
Nelson,0,0.0,0.0,0.0,0.2,0.1,0.4,0.01,0.2%
C.Miguel,0,0.0,0.1,0.1,0.1,0.1,0.4,0.02,0.3%
N.Aguerd,0,0.0,0.0,0.1,0.1,0.1,0.3,0.01,0.1%
Godo,0,0.0,0.0,0.0,0.1,0.2,0.3,0.01,0.1%
Johnstone,0,0.0,0.0,0.1,0.1,0.1,0.3,0.01,0.2%
Ji-soo,0,0.0,0.0,0.1,0.1,0.1,0.3,0.01,0.2%
Delcroix,0,0.0,0.1,0.0,0.1,0.1,0.3,0.01,0.5%
Édouard,0,0.0,0.0,0.0,0.1,0.1,0.2,0.01,1.1%
Sambi,0,0.0,0.0,0.1,0.0,0.1,0.2,0.01,0.2%
Kuol,0,0.0,0.0,0.1,0.1,0.0,0.2,0.01,0.1%
Redmond,0,0.0,0.0,0.0,0.1,0.1,0.2,0.01,0.9%
R.Williams,0,0.0,0.0,0.1,0.1,0.0,0.2,0.01,0.3%
Abbott,1,0.0,0.0,0.1,0.0,0.0,0.2,0.01,0.3%
Renato Veiga,0,0.0,0.0,0.0,0.0,0.1,0.2,0.00,0.0%
Konak,0,0.0,0.1,0.1,0.0,0.0,0.1,0.01,0.2%
Sonne,0,0.0,0.1,0.0,0.0,0.1,0.1,0.01,0.2%
Anderson,0,0.0,0.0,0.1,0.0,0.0,0.1,0.01,0.6%
Edozie,0,0.0,0.0,0.0,0.0,0.1,0.1,0.01,0.4%
Pond,0,0.0,0.0,0.0,0.0,0.1,0.1,0.01,2.2%
Targett,0,0.0,0.0,0.0,0.1,0.0,0.1,0.01,0.5%
Boly,0,0.0,0.0,0.1,0.0,0.1,0.1,0.01,0.6%
Scarlett,0,0.0,0.0,0.0,0.1,0.0,0.1,0.00,0.9%
Potts,0,0.0,0.0,0.0,0.1,0.0,0.1,0.00,0.7%
Casey,0,0.0,0.0,0.0,0.0,0.0,0.1,0.01,0.8%
Watson,0,0.0,0.0,0.1,0.0,0.0,0.1,0.00,0.1%
Ben Chilwell,0,0.0,0.0,0.0,0.1,0.0,0.1,0.00,0.0%
Aleksić,0,0.0,0.1,0.0,0.0,0.0,0.1,0.00,0.1%
Kone,0,0.0,0.0,0.0,0.1,0.0,0.1,0.00,0.1%
Gauci,1,0.1,0.0,0.0,0.0,0.0,0.1,0.00,1.1%
Akinmboni,0,0.0,0.0,0.0,0.0,0.0,0.1,0.00,0.4%
Cox,0,0.0,0.0,0.0,0.0,0.1,0.1,0.00,0.2%
Iling Jr,0,0.0,0.0,0.0,0.0,0.1,0.1,0.00,0.0%
Bentley,0,0.0,0.0,0.0,0.0,0.1,0.1,0.00,1.3%
Andrey Santos,0,0.0,0.0,0.0,0.0,0.0,0.0,0.00,0.4%
A.Murphy,0,0.0,0.0,0.0,0.0,0.0,0.0,0.00,0.8%
Welch,0,0.0,0.0,0.0,0.0,0.0,0.0,0.00,0.2%
Meslier,0,0.0,0.0,0.0,0.0,0.0,0.0,0.00,1.1%
Lascelles,0,0.0,0.0,0.0,0.0,0.0,0.0,0.00,0.1%
Hein,0,0.0,0.0,0.0,0.0,0.0,0.0,0.00,0.6%
Setford,0,0.0,0.0,0.0,0.0,0.0,0.0,0.00,0.2%
Clarke,0,0.0,0.0,0.0,0.0,0.0,0.0,0.00,0.6%
Kacurri,0,0.0,0.0,0.0,0.0,0.0,0.0,0.00,0.3%
Nichols,0,0.0,0.0,0.0,0.0,0.0,0.0,0.00,0.2%
Kabia,0,0.0,0.0,0.0,0.0,0.0,0.0,0.00,0.3%
G.Jesus,0,0.0,0.0,0.0,0.0,0.0,0.0,0.00,0.0%
Marschall,0,0.0,0.0,0.0,0.0,0.0,0.0,0.00,0.1%
Sousa,0,0.0,0.0,0.0,0.0,0.0,0.0,0.00,0.3%
Yasin,0,0.0,0.0,0.0,0.0,0.0,0.0,0.00,0.3%
Barrenechea,0,0.0,0.0,0.0,0.0,0.0,0.0,0.00,0.0%
Dobbin,0,0.0,0.0,0.0,0.0,0.0,0.0,0.00,0.1%
Broggio,0,0.0,0.0,0.0,0.0,0.0,0.0,0.00,0.3%
Dendoncker,0,0.0,0.0,0.0,0.0,0.0,0.0,0.00,0.4%
Jimoh-Aloba,0,0.0,0.0,0.0,0.0,0.0,0.0,0.00,0.1%
Young,0,0.0,0.0,0.0,0.0,0.0,0.0,0.00,0.6%
Dennis,0,0.0,0.0,0.0,0.0,0.0,0.0,0.00,0.7%
McKenna,0,0.0,0.0,0.0,0.0,0.0,0.0,0.00,0.2%
Paulsen,0,0.0,0.0,0.0,0.0,0.0,0.0,0.00,0.2%
Bevan,0,0.0,0.0,0.0,0.0,0.0,0.0,0.00,0.3%
Sadi,0,0.0,0.0,0.0,0.0,0.0,0.0,0.00,0.1%
Silcott-Duberry,0,0.0,0.0,0.0,0.0,0.0,0.0,0.00,0.3%
Enes Ünal,0,0.0,0.0,0.0,0.0,0.0,0.0,0.00,0.0%
Adu-Adjei,0,0.0,0.0,0.0,0.0,0.0,0.0,0.00,0.4%
Balcombe,0,0.0,0.0,0.0,0.0,0.0,0.0,0.00,0.3%
Eyestone,0,0.0,0.0,0.0,0.0,0.0,0.0,0.00,0.1%
Arthur,0,0.0,0.0,0.0,0.0,0.0,0.0,0.00,0.4%
Fredrick,0,0.0,0.0,0.0,0.0,0.0,0.0,0.00,0.2%
Meghoma,0,0.0,0.0,0.0,0.0,0.0,0.0,0.00,0.2%
Onyeka,0,0.0,0.0,0.0,0.0,0.0,0.0,0.00,0.1%
Donovan,0,0.0,0.0,0.0,0.0,0.0,0.0,0.00,0.1%
Peart-Harris,0,0.0,0.0,0.0,0.0,0.0,0.0,0.00,0.1%
Trevitt,0,0.0,0.0,0.0,0.0,0.0,0.0,0.00,0.1%
Morgan,0,0.0,0.0,0.0,0.0,0.0,0.0,0.00,0.6%
McGill,0,0.0,0.0,0.0,0.0,0.0,0.0,0.00,0.3%
Rushworth,0,0.0,0.0,0.0,0.0,0.0,0.0,0.00,0.0%
Scherpen,0,0.0,0.0,0.0,0.0,0.0,0.0,0.00,0.0%
Estupiñan,0,0.0,0.0,0.0,0.0,0.0,0.0,0.00,0.3%
Webster,0,0.0,0.0,0.0,0.0,0.0,0.0,0.00,0.1%
Cashin,0,0.0,0.0,0.0,0.0,0.0,0.0,0.00,0.1%
Slater,0,0.0,0.0,0.0,0.0,0.0,0.0,0.00,0.2%
Tasker,0,0.0,0.0,0.0,0.0,0.0,0.0,0.00,0.2%
Enciso,0,0.0,0.0,0.0,0.0,0.0,0.0,0.00,0.2%
Milner,0,0.0,0.0,0.0,0.0,0.0,0.0,0.00,0.1%
Yalcouye,0,0.0,0.0,0.0,0.0,0.0,0.0,0.00,0.1%
Knight,0,0.0,0.0,0.0,0.0,0.0,0.0,0.00,0.1%
Mazilu,0,0.0,0.0,0.0,0.0,0.0,0.0,0.00,0.1%
Moran,0,0.0,0.0,0.0,0.0,0.0,0.0,0.00,0.1%
Ferguson,0,0.0,0.0,0.0,0.0,0.0,0.0,0.00,0.1%
Kostoulas,0,0.0,0.0,0.0,0.0,0.0,0.0,0.00,0.7%
Green,0,0.0,0.0,0.0,0.0,0.0,0.0,0.00,0.5%
Dodgson,0,0.0,0.0,0.0,0.0,0.0,0.0,0.00,0.3%
Sambo,0,0.0,0.0,0.0,0.0,0.0,0.0,0.00,0.2%
Worrall,0,0.0,0.0,0.0,0.0,0.0,0.0,0.00,0.2%
Boateng,0,0.0,0.0,0.0,0.0,0.0,0.0,0.00,0.1%
Churlinov,0,0.0,0.0,0.0,0.0,0.0,0.0,0.00,0.1%
Adewumi,0,0.0,0.0,0.0,0.0,0.0,0.0,0.00,0.1%
Banel,0,0.0,0.0,0.0,0.0,0.0,0.0,0.00,0.0%
Trésor,0,0.0,0.0,0.0,0.0,0.0,0.0,0.00,0.1%
Penders,0,0.0,0.0,0.0,0.0,0.0,0.0,0.00,0.1%
Slonina,0,0.0,0.0,0.0,0.0,0.0,0.0,0.00,0.1%
Acheampong,0,0.0,0.0,0.0,0.0,0.0,0.0,0.00,0.3%
Anselmino,0,0.0,0.0,0.0,0.0,0.0,0.0,0.00,0.2%
Mudryk,0,0.0,0.0,0.0,0.0,0.0,0.0,0.00,0.0%
Paez,0,0.0,0.0,0.0,0.0,0.0,0.0,0.00,0.1%
Marc Guiu,0,0.0,0.0,0.0,0.0,0.0,0.0,0.00,5.2%
Matthews,0,0.0,0.0,0.0,0.0,0.0,0.0,0.00,0.1%
Chadi Riad,0,0.0,0.0,0.0,0.0,0.0,0.0,0.00,0.0%
Kporha,0,0.0,0.0,0.0,0.0,0.0,0.0,0.00,0.2%
Agbinone,0,0.0,0.0,0.0,0.0,0.0,0.0,0.00,0.1%
Ahamada,0,0.0,0.0,0.0,0.0,0.0,0.0,0.00,0.1%
Ebiowei,0,0.0,0.0,0.0,0.0,0.0,0.0,0.00,0.1%
J.Rak-Sakyi,0,0.0,0.0,0.0,0.0,0.0,0.0,0.00,0.1%
Ozoh,0,0.0,0.0,0.0,0.0,0.0,0.0,0.00,0.0%
Rodney,0,0.0,0.0,0.0,0.0,0.0,0.0,0.00,0.0%
Umeh,0,0.0,0.0,0.0,0.0,0.0,0.0,0.00,0.0%
Marsh,0,0.0,0.0,0.0,0.0,0.0,0.0,0.00,0.3%
Tyrer,0,0.0,0.0,0.0,0.0,0.0,0.0,0.00,0.2%
Dixon,0,0.0,0.0,0.0,0.0,0.0,0.0,0.00,0.3%
Bates,0,0.0,0.0,0.0,0.0,0.0,0.0,0.00,0.1%
Ebere,0,0.0,0.0,0.0,0.0,0.0,0.0,0.00,0.0%
Heath,0,0.0,0.0,0.0,0.0,0.0,0.0,0.00,0.0%
Metcalfe,0,0.0,0.0,0.0,0.0,0.0,0.0,0.00,0.0%
Sherif,0,0.0,0.0,0.0,0.0,0.0,0.0,0.00,0.3%
Benda,0,0.0,0.0,0.0,0.0,0.0,0.0,0.00,0.1%
Amissah,0,0.0,0.0,0.0,0.0,0.0,0.0,0.00,0.2%
Harris,0,0.0,0.0,0.0,0.0,0.0,0.0,0.00,0.0%
Cairns,0,0.0,0.0,0.0,0.0,0.0,0.0,0.00,0.3%
Crew,0,0.0,0.0,0.0,0.0,0.0,0.0,0.00,0.1%
Gyabi,0,0.0,0.0,0.0,0.0,0.0,0.0,0.00,0.1%
Mateo Joseph,0,0.0,0.0,0.0,0.0,0.0,0.0,0.00,0.2%
Pécsi,0,0.0,0.0,0.0,0.0,0.0,0.0,0.00,0.1%
Woodman,0,0.0,0.0,0.0,0.0,0.0,0.0,0.00,0.1%
Nallo,0,0.0,0.0,0.0,0.0,0.0,0.0,0.00,0.2%
Ramsay,0,0.0,0.0,0.0,0.0,0.0,0.0,0.00,0.2%
Luis Díaz,0,0.0,0.0,0.0,0.0,0.0,0.0,0.00,1.0%
Doak,0,0.0,0.0,0.0,0.0,0.0,0.0,0.00,0.1%
McConnell,0,0.0,0.0,0.0,0.0,0.0,0.0,0.00,0.0%
Morton,0,0.0,0.0,0.0,0.0,0.0,0.0,0.00,0.0%
Nyoni,0,0.0,0.0,0.0,0.0,0.0,0.0,0.00,0.1%
Danns,0,0.0,0.0,0.0,0.0,0.0,0.0,0.00,0.2%
Bettinelli,0,0.0,0.0,0.0,0.0,0.0,0.0,0.00,0.2%
Vitor Reis,0,0.0,0.0,0.0,0.0,0.0,0.0,0.00,0.1%
Echeverri,0,0.0,0.0,0.0,0.0,0.0,0.0,0.00,0.1%
Nypan,0,0.0,0.0,0.0,0.0,0.0,0.0,0.00,0.1%
Phillips,0,0.0,0.0,0.0,0.0,0.0,0.0,0.00,0.1%
Harrison,0,0.0,0.0,0.0,0.0,0.0,0.0,0.00,0.0%
Heaton,0,0.0,0.0,0.0,0.0,0.0,0.0,0.00,0.4%
Mee,0,0.0,0.0,0.0,0.0,0.0,0.0,0.00,0.2%
D.Leon,0,0.0,0.0,0.0,0.0,0.0,0.0,0.00,0.1%
Fredricson,0,0.0,0.0,0.0,0.0,0.0,0.0,0.00,0.2%
Rashford,0,0.0,0.0,0.0,0.0,0.0,0.0,0.00,0.4%
Garnacho,0,0.0,0.0,0.0,0.0,0.0,0.0,0.00,0.2%
Antony,0,0.0,0.0,0.0,0.0,0.0,0.0,0.00,0.1%
Sancho,0,0.0,0.0,0.0,0.0,0.0,0.0,0.00,0.1%
Fitzgerald,0,0.0,0.0,0.0,0.0,0.0,0.0,0.00,0.0%
J.Fletcher,0,0.0,0.0,0.0,0.0,0.0,0.0,0.00,0.0%
Moorhouse,0,0.0,0.0,0.0,0.0,0.0,0.0,0.00,0.0%
Wheatley,0,0.0,0.0,0.0,0.0,0.0,0.0,0.00,0.2%
Dúbravka,0,0.0,0.0,0.0,0.0,0.0,0.0,0.00,13.3%
Gillespie,0,0.0,0.0,0.0,0.0,0.0,0.0,0.00,0.1%
Odysseas,0,0.0,0.0,0.0,0.0,0.0,0.0,0.00,0.1%
Ashby,0,0.0,0.0,0.0,0.0,0.0,0.0,0.00,0.2%
Pivas,0,0.0,0.0,0.0,0.0,0.0,0.0,0.00,0.2%
Antoñito C.,0,0.0,0.0,0.0,0.0,0.0,0.0,0.00,0.1%
White,0,0.0,0.0,0.0,0.0,0.0,0.0,0.00,0.1%
Neave,0,0.0,0.0,0.0,0.0,0.0,0.0,0.00,0.3%
Turner,0,0.0,0.0,0.0,0.0,0.0,0.0,0.00,1.4%
David Carmo,0,0.0,0.0,0.0,0.0,0.0,0.0,0.00,0.1%
Dominguez,0,0.0,0.0,0.0,0.0,0.0,0.0,0.00,0.0%
O'Brien,0,0.0,0.0,0.0,0.0,0.0,0.0,0.00,0.0%
Moore,0,0.0,0.0,0.0,0.0,0.0,0.0,0.00,0.6%
Nna Noukeu,0,0.0,0.0,0.0,0.0,0.0,0.0,0.00,0.3%
Cirkin,0,0.0,0.0,0.0,0.0,0.0,0.0,0.00,0.2%
Johnson,0,0.0,0.0,0.0,0.0,0.0,0.0,0.00,0.3%
Ba,0,0.0,0.0,0.0,0.0,0.0,0.0,0.00,0.4%
H.Jones,0,0.0,0.0,0.0,0.0,0.0,0.0,0.00,0.1%
Matete,0,0.0,0.0,0.0,0.0,0.0,0.0,0.00,0.3%
Abdullahi,0,0.0,0.0,0.0,0.0,0.0,0.0,0.00,1.1%
Luís Hemir,0,0.0,0.0,0.0,0.0,0.0,0.0,0.00,0.3%
Austin,0,0.0,0.0,0.0,0.0,0.0,0.0,0.00,0.3%
Dragusin,0,0.0,0.0,0.0,0.0,0.0,0.0,0.00,0.0%
Phillips,0,0.0,0.0,0.0,0.0,0.0,0.0,0.00,0.2%
Takai,0,0.0,0.0,0.0,0.0,0.0,0.0,0.00,0.4%
Vuskovic,0,0.0,0.0,0.0,0.0,0.0,0.0,0.00,2.3%
Son,0,0.0,0.0,0.0,0.0,0.0,0.0,0.00,2.2%
Maddison,0,0.0,0.0,0.0,0.0,0.0,0.0,0.00,2.8%
Kulusevski,0,0.0,0.0,0.0,0.0,0.0,0.0,0.00,0.0%
Moore,0,0.0,0.0,0.0,0.0,0.0,0.0,0.00,0.1%
Min-hyeok,0,0.0,0.0,0.0,0.0,0.0,0.0,0.00,0.2%
Olusesi,0,0.0,0.0,0.0,0.0,0.0,0.0,0.00,0.2%
Lankshear,0,0.0,0.0,0.0,0.0,0.0,0.0,0.00,0.4%
Hegyi,0,0.0,0.0,0.0,0.0,0.0,0.0,0.00,0.4%
Earthy,0,0.0,0.0,0.0,0.0,0.0,0.0,0.00,0.2%
Orford,0,0.0,0.0,0.0,0.0,0.0,0.0,0.00,0.2%
King,0,0.0,0.0,0.0,0.0,0.0,0.0,0.00,2.9%
Meupiyou,0,0.0,0.0,0.0,0.0,0.0,0.0,0.00,0.1%
B.Traore,0,0.0,0.0,0.0,0.0,0.0,0.0,0.00,0.0%
Chirewa,0,0.0,0.0,0.0,0.0,0.0,0.0,0.00,0.3%
Gonzalez,0,0.0,0.0,0.0,0.0,0.0,0.0,0.00,1.3%
Hodge,0,0.0,0.0,0.0,0.0,0.0,0.0,0.00,0.4%
Chiwome,0,0.0,0.0,0.0,0.0,0.0,0.0,0.00,0.1%
Fraser,0,0.0,0.0,0.0,0.0,0.0,0.0,0.00,2.7%
J.Palhinha,0,0.0,0.0,0.0,0.0,0.0,0.0,0.00,0.1%
Ramsdale,0,0.0,0.0,0.0,0.0,0.0,0.0,0.00,0.1%
Josh Wilson-Esbrand,0,0.0,0.0,0.0,0.0,0.0,0.0,0.00,0.0%
Issa Kaboré,0,0.0,0.0,0.0,0.0,0.0,0.0,0.00,0.0%
Alfie Gilchrist,0,0.0,0.0,0.0,0.0,0.0,0.0,0.00,0.0%
Alfie Devine,0,0.0,0.0,0.0,0.0,0.0,0.0,0.00,0.0%
Emmanuel Dennis,0,0.0,0.0,0.0,0.0,0.0,0.0,0.00,0.0%
Max Dowman,0,0.0,0.0,0.0,0.0,0.0,0.0,0.00,0.0%
Hindolo Mustapha,0,0.0,0.0,0.0,0.0,0.0,0.0,0.00,0.0%
Omari Kellyman,0,0.0,0.0,0.0,0.0,0.0,0.0,0.00,0.0%
