Name,xMins,GW1,GW2,GW3,GW4,GW5,Total,Points/£M,Elite%,Position,Price,Unnamed: 3,/£M,Unnamed: 12
M.Salah,87,,89.0,86.0,83.0,345.0,5.9,,,MID,14.5,87,97.8%,
Palmer,90,,86.0,85.0,81.0,342.0,8.1,,,MID,10.5,90,98.7%,
Haaland,90,,83.0,78.0,76.0,327.0,5.8,,,FWD,14.0,90,1.7%,
Saka,87,,79.0,79.0,78.0,323.0,8.1,,,MID,10.0,87,3.2%,
B.Fernandes,90,,85.0,86.0,84.0,345.0,9.6,,,MID,9.0,90,87.1%,
Marmoush,76,,72.0,75.0,70.0,293.0,8.6,,,MID,8.5,76,1.2%,
Eze,87,,83.0,77.0,78.0,325.0,10.8,,,MID,7.5,87,0.5%,
Wirtz,84,,81.0,78.0,79.0,322.0,9.5,,,MID,8.5,84,68.0%,
Watkins,83,,84.0,80.0,75.0,322.0,8.9,,,FWD,9.0,83,46.7%,
Bowen,90,,89.0,85.0,84.0,348.0,10.9,,,FWD,8.0,90,3.3%,
Mateta,87,,82.0,76.0,82.0,327.0,10.9,,,FWD,7.5,87,49.7%,
Gakpo,69,,67.0,69.0,67.0,272.0,9.1,,,MID,7.5,69,4.4%,
Gibbs-White,81,,77.0,75.0,77.0,310.0,10.3,,,MID,7.5,81,0.0%,
Semenyo,88,,85.0,81.0,81.0,335.0,12.0,,,MID,7.0,88,0.2%,
Virgil,91,,86.0,84.0,88.0,349.0,14.5,,,DEF,6.0,91,5.6%,
Evanilson,84,,79.0,80.0,77.0,320.0,11.4,,,FWD,7.0,84,15.4%,
Enzo,89,,90.0,86.0,83.0,348.0,13.4,,,MID,6.5,89,0.2%,
Ødegaard,84,,79.0,76.0,70.0,309.0,9.7,,,MID,8.0,84,0.0%,
Tielemans,87,,78.0,79.0,82.0,326.0,13.6,,,MID,6.0,87,12.8%,
Sarr,81,,78.0,77.0,78.0,314.0,12.1,,,MID,6.5,81,6.9%,
Rogers,86,,83.0,82.0,84.0,335.0,12.0,,,MID,7.0,86,11.3%,
Solanke,61,,74.0,68.0,66.0,269.0,9.0,,,FWD,7.5,61,0.3%,
Wood,80,,77.0,77.0,75.0,309.0,10.3,,,FWD,7.5,80,1.0%,
Strand Larsen,84,,77.0,77.0,82.0,320.0,12.3,,,FWD,6.5,84,59.7%,
Ndiaye,78,,75.0,73.0,69.0,295.0,11.3,,,MID,6.5,78,2.7%,
Anderson,82,,80.0,80.0,76.0,318.0,14.5,,,MID,5.5,82,14.2%,
L.Paquetá,81,,79.0,75.0,72.0,307.0,12.8,,,MID,6.0,81,5.8%,
Mitoma,83,,82.0,78.0,77.0,320.0,12.3,,,MID,6.5,83,2.2%,
Frimpong,81,,72.0,72.0,68.0,293.0,12.2,,,DEF,6.0,81,1.2%,
Cunha,75,,70.0,75.0,63.0,283.0,8.8,,,MID,8.0,75,0.0%,
Mac Allister,78,,78.0,76.0,77.0,309.0,11.9,,,MID,6.5,78,0.0%,
Schade,59,,77.0,74.0,67.0,277.0,9.9,,,MID,7.0,78,0.0%,
Rice,83,,80.0,77.0,73.0,313.0,12.0,,,MID,6.5,83,0.1%,
Damsgaard,86,,81.0,77.0,76.0,320.0,13.3,,,MID,6.0,86,0.0%,
Murillo,88,,85.0,83.0,75.0,331.0,15.0,,,DEF,5.5,88,66.5%,
Mbeumo,70,,74.0,70.0,68.0,282.0,8.8,,,MID,8.0,70,0.0%,
Joelinton,86,,85.0,72.0,74.0,317.0,13.2,,,MID,6.0,86,0.0%,
Kudus,74,,65.0,67.0,65.0,271.0,10.4,,,MID,6.5,74,0.6%,
Bruno G.,90,,90.0,80.0,81.0,341.0,13.1,,,MID,6.5,90,0.0%,
Raya,93,,90.0,87.0,88.0,358.0,16.3,,,GK,5.5,93,0.9%,
Neto,72,,70.0,64.0,65.0,271.0,9.7,,,MID,7.0,72,0.1%,
Kluivert,22,,63.0,65.0,66.0,216.0,7.7,,,MID,7.0,53,0.1%,
Welbeck,40,,49.0,56.0,54.0,199.0,7.7,,,FWD,6.5,40,0.0%,
Lacroix,90,,88.0,85.0,79.0,342.0,17.1,,,DEF,5.0,90,3.5%,
A.Becker,92,,89.0,88.0,84.0,353.0,16.0,,,GK,5.5,92,0.3%,
Cucurella,91,,87.0,84.0,83.0,345.0,14.4,,,DEF,6.0,91,1.2%,
Iwobi,83,,80.0,75.0,79.0,317.0,12.2,,,MID,6.5,83,0.0%,
N.Williams,90,,86.0,76.0,73.0,325.0,16.3,,,DEF,5.0,90,34.1%,
Muñoz,89,,85.0,82.0,80.0,336.0,15.3,,,DEF,5.5,89,5.9%,
Gordon,75,,78.0,58.0,62.0,273.0,9.1,,,MID,7.5,75,0.2%,
Sánchez,93,,90.0,91.0,90.0,364.0,18.2,,,GK,5.0,93,67.0%,
Konaté,85,,79.0,79.0,77.0,320.0,14.5,,,DEF,5.5,85,0.0%,
Caicedo,90,,86.0,84.0,80.0,340.0,15.5,,,MID,5.5,90,0.0%,
Gyökeres,60,,59.0,58.0,62.0,239.0,6.6,,,FWD,9.0,60,0.4%,
Ederson M.,91,,85.0,87.0,88.0,351.0,16.0,,,GK,5.5,91,0.0%,
Schär,87,,82.0,78.0,75.0,322.0,14.6,,,DEF,5.5,87,0.0%,
Andersen,90,,87.0,85.0,84.0,346.0,19.2,,,DEF,4.5,90,83.3%,
Collins,93,,89.0,88.0,84.0,354.0,17.7,,,DEF,5.0,93,0.1%,
Gabriel,89,,83.0,79.0,83.0,334.0,13.9,,,DEF,6.0,89,1.4%,
Ekitiké,61,,56.0,52.0,53.0,222.0,6.5,,,FWD,8.5,61,2.1%,
Georginio,76,,74.0,73.0,68.0,291.0,12.1,,,MID,6.0,76,26.2%,
Pedro Porro,88,,81.0,76.0,73.0,318.0,14.5,,,DEF,5.5,88,96.1%,
Sels,94,,93.0,90.0,90.0,367.0,18.4,,,GK,5.0,94,10.7%,
Tarkowski,90,,89.0,84.0,86.0,349.0,15.9,,,DEF,5.5,90,7.9%,
Saliba,89,,88.0,85.0,90.0,352.0,14.7,,,DEF,6.0,89,0.1%,
Milenković,91,,87.0,84.0,83.0,345.0,15.7,,,DEF,5.5,91,2.6%,
Areola,3,,4.0,6.0,8.0,21.0,1.2,,,GK,4.5,3,0.0%,
Richards,86,,84.0,82.0,78.0,330.0,18.3,,,DEF,4.5,86,14.7%,
Van den Berg,90,,86.0,84.0,85.0,345.0,19.2,,,DEF,4.5,90,0.1%,
Tonali,90,,86.0,80.0,76.0,332.0,15.1,,,MID,5.5,90,0.0%,
Wilson,71,,69.0,67.0,55.0,262.0,11.9,,,MID,5.5,71,0.0%,
Guéhi,90,,88.0,85.0,87.0,350.0,19.4,,,DEF,4.5,90,0.9%,
Estève,91,,87.0,84.0,89.0,351.0,21.9,,,DEF,4.0,91,86.6%,
Leno,93,,92.0,92.0,90.0,367.0,18.4,,,GK,5.0,93,0.0%,
Pickford,93,,93.0,93.0,92.0,371.0,16.9,,,GK,5.5,93,0.0%,
Gomes,89,,83.0,82.0,77.0,331.0,15.0,,,MID,5.5,89,0.0%,
Vicario,93,,92.0,91.0,89.0,365.0,18.3,,,GK,5.0,93,10.7%,
Verbruggen,94,,93.0,92.0,92.0,371.0,20.6,,,GK,4.5,94,7.2%,
Kelleher,70,,92.0,89.0,88.0,339.0,18.8,,,GK,4.5,93,2.7%,
Petrović,94,,92.0,92.0,91.0,369.0,20.5,,,GK,4.5,94,3.2%,
Anthony,67,,61.0,66.0,66.0,260.0,11.8,,,MID,5.5,67,0.0%,
J.Arias,79,,76.0,77.0,72.0,304.0,13.8,,,MID,5.5,79,0.4%,
Baleba,84,,77.0,76.0,74.0,311.0,15.6,,,MID,5.0,84,0.0%,
Gana,85,,84.0,85.0,79.0,333.0,15.1,,,MID,5.5,85,0.0%,
Hall,60,,83.0,80.0,80.0,303.0,13.8,,,DEF,5.5,60,0.0%,
Konsa,89,,87.0,88.0,83.0,347.0,19.3,,,DEF,4.5,89,5.9%,
Thiago,77,,70.0,58.0,52.0,257.0,10.7,,,FWD,6.0,77,10.0%,
Gvardiol,5,,44.0,75.0,75.0,199.0,8.3,,,DEF,6.0,12,0.2%,
Kilman,90,,87.0,80.0,81.0,338.0,18.8,,,DEF,4.5,90,0.1%,
Minteh,68,,65.0,66.0,61.0,260.0,10.8,,,MID,6.0,68,0.3%,
McNeil,40,,42.0,43.0,42.0,167.0,7.0,,,MID,6.0,40,0.0%,
Henderson,91,,90.0,88.0,82.0,351.0,17.6,,,GK,5.0,91,0.0%,
Aït-Nouri,80,,71.0,60.0,60.0,271.0,11.3,,,DEF,6.0,80,1.8%,
José Sá,94,,92.0,90.0,93.0,369.0,20.5,,,GK,4.5,94,0.0%,
Senesi,88,,86.0,85.0,83.0,342.0,19.0,,,DEF,4.5,88,1.9%,
Romero,89,,84.0,83.0,81.0,337.0,16.9,,,DEF,5.0,89,14.3%,
Adingra,80,,73.0,75.0,77.0,305.0,13.9,,,MID,5.5,80,0.1%,
Roefs,93,,92.0,91.0,92.0,368.0,20.4,,,GK,4.5,93,0.0%,
E.Le Fée,49,,46.0,47.0,49.0,191.0,9.6,,,MID,5.0,49,0.0%,
Branthwaite,15,,53.0,83.0,85.0,236.0,10.7,,,DEF,5.5,36,0.0%,
Reijnders,73,,72.0,66.0,71.0,282.0,12.8,,,MID,5.5,73,44.1%,
Munetsi,52,,51.0,55.0,56.0,214.0,9.7,,,MID,5.5,52,0.0%,
Cash,77,,75.0,71.0,68.0,291.0,16.2,,,DEF,4.5,77,0.0%,
Dúbravka,65,,91.0,90.0,86.0,332.0,20.8,,,GK,4.0,65,95.1%,
Perri,93,,91.0,91.0,90.0,365.0,20.3,,,GK,4.5,93,1.5%,
Dorgu,82,,81.0,76.0,75.0,314.0,17.4,,,DEF,4.5,82,20.7%,
Malen,56,,52.0,45.0,46.0,199.0,9.0,,,MID,5.5,56,0.1%,
Van Hecke,91,,88.0,83.0,84.0,346.0,19.2,,,DEF,4.5,91,0.1%,
Tel,47,,40.0,37.0,45.0,169.0,6.5,,,MID,6.5,47,0.0%,
Wan-Bissaka,89,,83.0,83.0,86.0,341.0,18.9,,,DEF,4.5,89,0.9%,
Zabarnyi,0,,0.0,0.0,0.0,0.0,0.0,,,DEF,5.0,0,0.0%,
Isak,0,,0.0,85.0,85.0,170.0,4.0,,,FWD,10.5,0,0.0%,
Hudson-Odoi,71,,65.0,63.0,62.0,261.0,10.9,,,MID,6.0,71,0.0%,
Szoboszlai,51,,51.0,55.0,54.0,211.0,8.1,,,MID,6.5,51,0.0%,
Pope,87,,85.0,79.0,77.0,328.0,16.4,,,GK,5.0,87,0.0%,
Aina,90,,88.0,86.0,83.0,347.0,17.4,,,DEF,5.0,90,0.0%,
Füllkrug,79,,68.0,65.0,65.0,277.0,11.5,,,FWD,6.0,79,3.9%,
Lukić,75,,78.0,72.0,71.0,296.0,14.8,,,MID,5.0,75,0.0%,
Lewis-Skelly,68,,60.0,61.0,54.0,243.0,11.0,,,DEF,5.5,68,0.0%,
Ndoye,52,,48.0,48.0,46.0,194.0,8.1,,,MID,6.0,52,0.0%,
João Pedro,64,,65.0,63.0,60.0,252.0,8.4,,,FWD,7.5,64,11.8%,
Agbadou,91,,90.0,83.0,84.0,348.0,19.3,,,DEF,4.5,91,7.2%,
Onana,92,,92.0,91.0,89.0,364.0,18.2,,,GK,5.0,92,0.0%,
Todibo,78,,77.0,75.0,79.0,309.0,17.2,,,DEF,4.5,78,0.0%,
Cullen,84,,81.0,82.0,80.0,327.0,16.4,,,MID,5.0,84,0.0%,
Bassey,89,,87.0,87.0,83.0,346.0,19.2,,,DEF,4.5,89,0.0%,
Mitchell,75,,71.0,73.0,72.0,291.0,14.6,,,DEF,5.0,75,0.0%,
Dewsbury-Hall,71,,69.0,67.0,66.0,273.0,13.7,,,MID,5.0,71,8.6%,
Piroe,54,,50.0,41.0,36.0,181.0,8.2,,,FWD,5.5,54,0.6%,
Souček,33,,43.0,43.0,41.0,160.0,6.7,,,MID,6.0,33,0.0%,
Truffert,88,,85.0,83.0,82.0,338.0,18.8,,,DEF,4.5,88,0.2%,
Foden,40,,57.0,49.0,46.0,192.0,6.0,,,MID,8.0,40,0.0%,
Muniz,24,,34.0,33.0,34.0,125.0,5.7,,,FWD,5.5,24,0.0%,
Edwards,63,,58.0,55.0,58.0,234.0,11.7,,,MID,5.0,63,0.0%,
Xhaka,88,,86.0,84.0,81.0,339.0,16.9,,,MID,5.0,88,0.1%,
Alcaraz,44,,41.0,45.0,50.0,180.0,8.2,,,MID,5.5,44,0.0%,
Kamara,77,,80.0,74.0,69.0,300.0,15.0,,,MID,5.0,77,0.0%,
Rúben,84,,76.0,73.0,72.0,305.0,13.9,,,DEF,5.5,84,0.0%,
Burn,56,,41.0,40.0,38.0,175.0,8.8,,,DEF,5.0,56,0.0%,
Bernardo,61,,53.0,51.0,48.0,213.0,8.2,,,MID,6.5,61,0.0%,
André,87,,81.0,80.0,76.0,324.0,14.7,,,MID,5.5,87,0.0%,
N.Jackson,51,,56.0,53.0,51.0,211.0,8.1,,,FWD,6.5,51,0.0%,
Tavernier,82,,76.0,72.0,70.0,300.0,13.6,,,MID,5.5,82,0.1%,
Martinez,94,,93.0,91.0,92.0,370.0,18.5,,,GK,5.0,94,0.0%,
De Ligt,85,,79.0,76.0,76.0,316.0,15.8,,,DEF,5.0,85,0.0%,
Bentancur,78,,75.0,69.0,72.0,294.0,13.4,,,MID,5.5,78,0.0%,
Elanga,62,,62.0,54.0,48.0,226.0,8.1,,,MID,7.0,62,0.2%,
De Cuyper,70,,68.0,65.0,61.0,264.0,14.7,,,DEF,4.5,70,0.9%,
James,68,,62.0,62.0,56.0,248.0,11.3,,,DEF,5.5,68,0.1%,
Beto,46,,48.0,45.0,41.0,180.0,8.2,,,FWD,5.5,46,0.0%,
Mykolenko,64,,85.0,77.0,79.0,305.0,15.3,,,DEF,5.0,85,0.0%,
Kerkez,66,,68.0,61.0,63.0,258.0,10.8,,,DEF,6.0,66,0.2%,
Wissa,0,,0.0,20.0,46.0,66.0,2.2,,,FWD,7.5,0,0.1%,
James,67,,60.0,62.0,62.0,251.0,11.4,,,MID,5.5,67,0.0%,
Ballard,88,,85.0,80.0,77.0,330.0,18.3,,,DEF,4.5,88,0.1%,
Van de Ven,87,,84.0,82.0,78.0,331.0,18.4,,,DEF,4.5,87,16.3%,
Zubimendi,76,,75.0,75.0,71.0,297.0,13.5,,,MID,5.5,76,0.0%,
Wharton,74,,69.0,69.0,69.0,281.0,14.1,,,MID,5.0,74,0.0%,
Henderson,55,,59.0,58.0,50.0,222.0,11.1,,,MID,5.0,55,0.0%,
O'Brien,87,,83.0,83.0,82.0,335.0,16.8,,,DEF,5.0,87,0.0%,
Lewis-Potter,64,,47.0,46.0,45.0,202.0,10.1,,,DEF,5.0,64,0.0%,
Hume,90,,86.0,80.0,82.0,338.0,18.8,,,DEF,4.5,90,0.0%,
Pau,72,,73.0,72.0,69.0,286.0,15.9,,,DEF,4.5,72,0.0%,
Livramento,75,,74.0,71.0,67.0,287.0,14.3,,,DEF,5.0,75,0.0%,
Robinson,1,,26.0,80.0,84.0,191.0,9.6,,,DEF,5.0,25,0.0%,
Raúl,76,,67.0,62.0,62.0,267.0,10.3,,,FWD,6.5,76,0.0%,
Rodon,88,,88.0,80.0,82.0,338.0,21.1,,,DEF,4.0,88,6.4%,
Toti,92,,88.0,83.0,82.0,345.0,19.2,,,DEF,4.5,92,0.0%,
Bogle,65,,84.0,81.0,79.0,309.0,17.2,,,DEF,4.5,86,0.0%,
Armando Broja,56,2.5,3.4,2.3,2.2,2.7,13.1,0.03,0.0%,,,,,
Carvalho,50,,37.0,33.0,30.0,150.0,7.5,,,MID,5.0,50,0.0%,
Stach,80,,73.0,70.0,73.0,296.0,14.8,,,MID,5.0,80,0.0%,
Guessand,46,,52.0,59.0,53.0,210.0,8.1,,,MID,6.5,46,0.0%,
Flemming,55,,56.0,48.0,46.0,205.0,9.3,,,FWD,5.5,55,0.0%,
Havertz,43,,38.0,43.0,37.0,161.0,5.4,,,FWD,7.5,43,0.0%,
Barnes,49,,49.0,34.0,31.0,163.0,6.3,,,MID,6.5,49,0.0%,
Gudmundsson,84,,78.0,69.0,75.0,306.0,19.1,,,DEF,4.0,84,5.1%,
Sangaré,52,,52.0,47.0,48.0,199.0,9.9,,,MID,5.0,52,0.0%,
Amad,57,,55.0,54.0,53.0,219.0,8.4,,,MID,6.5,57,0.0%,
Tete,72,,63.0,63.0,60.0,258.0,14.3,,,DEF,4.5,72,0.0%,
Mosquera,7,,14.0,22.0,28.0,71.0,3.9,,,DEF,4.5,7,0.0%,
Ward-Prowse,65,,64.0,69.0,67.0,265.0,11.0,,,MID,6.0,65,0.0%,
Smith Rowe,44,,39.0,38.0,42.0,163.0,6.8,,,MID,6.0,44,0.0%,
Fofana,28,,51.0,68.0,73.0,220.0,12.2,,,DEF,4.5,37,0.0%,
Talbi,68,,65.0,60.0,60.0,253.0,12.7,,,MID,5.0,68,0.0%,
Yoro,74,,74.0,70.0,61.0,279.0,15.5,,,DEF,4.5,74,0.0%,
Gravenberch,78,,83.0,79.0,77.0,317.0,14.4,,,MID,5.5,78,0.0%,
Walker,87,,83.0,82.0,78.0,330.0,18.3,,,DEF,4.5,87,0.0%,
Reinildo,78,,76.0,71.0,66.0,291.0,18.2,,,DEF,4.0,78,0.1%,
McGinn,64,,59.0,61.0,59.0,243.0,11.0,,,MID,5.5,64,0.0%,
Andreas,45,,42.0,48.0,42.0,177.0,8.0,,,MID,5.5,45,0.0%,
Bergvall,39,,41.0,40.0,45.0,165.0,7.5,,,MID,5.5,39,0.0%,
White,47,,36.0,36.0,36.0,155.0,7.0,,,DEF,5.5,47,0.0%,
Trossard,17,,26.0,32.0,27.0,102.0,3.6,,,MID,7.0,17,0.0%,
Martinelli,47,,37.0,39.0,40.0,163.0,5.8,,,MID,7.0,47,0.0%,
Gnonto,55,,57.0,54.0,52.0,218.0,9.9,,,MID,5.5,55,0.0%,
Garner,74,,71.0,70.0,65.0,280.0,14.0,,,MID,5.0,74,0.0%,
Henry,72,,69.0,60.0,60.0,261.0,14.5,,,DEF,4.5,72,0.0%,
Doherty,70,,73.0,67.0,66.0,276.0,15.3,,,DEF,4.5,70,0.0%,
Chalobah,69,,61.0,47.0,42.0,219.0,10.9,,,DEF,5.0,69,0.0%,
Yarmoliuk,66,,58.0,54.0,55.0,233.0,11.7,,,MID,5.0,66,0.0%,
Johnson,41,,36.0,35.0,43.0,155.0,5.5,,,MID,7.0,41,0.1%,
Dunk,68,,73.0,67.0,61.0,269.0,14.9,,,DEF,4.5,68,0.0%,
Berge,74,,74.0,72.0,69.0,289.0,14.4,,,MID,5.0,74,0.0%,
Ugochukwu,78,,76.0,71.0,69.0,294.0,14.7,,,MID,5.0,78,0.0%,
Tuanzebe,13,,19.0,24.0,23.0,79.0,4.9,,,DEF,4.0,13,0.0%,
Longstaff,54,,52.0,50.0,52.0,208.0,10.4,,,MID,5.0,54,0.0%,
Adams,85,,45.0,42.0,44.0,216.0,10.8,,,MID,5.0,85,0.0%,
Barry,53,,50.0,50.0,52.0,205.0,8.5,,,FWD,6.0,53,0.0%,
Walker-Peters,37,,47.0,41.0,34.0,159.0,8.8,,,DEF,4.5,37,0.0%,
J.Ramsey,34,,45.0,33.0,33.0,145.0,6.6,,,MID,5.5,34,0.0%,
Diarra,76,,74.0,78.0,68.0,296.0,13.5,,,MID,5.5,76,0.0%,
Rodrigo,29,,58.0,69.0,82.0,238.0,9.2,,,MID,6.5,31,0.0%,
Kamada,14,,33.0,44.0,46.0,137.0,6.8,,,MID,5.0,34,0.0%,
Hartman,70,,73.0,64.0,60.0,267.0,16.7,,,DEF,4.0,70,0.4%,
Mayenda,60,,47.0,43.0,44.0,194.0,8.8,,,FWD,5.5,60,0.0%,
Diouf,75,,72.0,70.0,66.0,283.0,15.7,,,DEF,4.5,75,3.5%,
Richarlison,47,,35.0,37.0,37.0,156.0,6.0,,,FWD,6.5,47,0.0%,
Gittens,39,,39.0,39.0,40.0,157.0,6.0,,,MID,6.5,39,0.0%,
Bellegarde,29,,36.0,39.0,39.0,143.0,6.5,,,MID,5.5,29,0.0%,
J.Palhinha,70,,62.0,69.0,62.0,263.0,12.0,,,MID,5.5,70,0.1%,
Gündoğan,41,,43.0,42.0,37.0,163.0,6.3,,,MID,6.5,41,0.0%,
Maatsen,45,,45.0,49.0,47.0,186.0,10.3,,,DEF,4.5,45,0.0%,
Digne,50,,51.0,43.0,51.0,195.0,10.8,,,DEF,4.5,50,0.0%,
Smith,58,,59.0,57.0,54.0,228.0,12.7,,,DEF,4.5,58,0.0%,
Mainoo,46,,45.0,43.0,44.0,178.0,8.9,,,MID,5.0,46,0.0%,
Ugarte,44,,40.0,43.0,41.0,168.0,8.4,,,MID,5.0,44,0.0%,
Dalot,65,,61.0,61.0,53.0,240.0,13.3,,,DEF,4.5,65,0.0%,
Tanaka,62,,63.0,64.0,62.0,251.0,12.6,,,MID,5.0,62,0.0%,
Ampadu,64,,67.0,64.0,61.0,256.0,12.8,,,MID,5.0,64,0.0%,
Odobert,27,,27.0,27.0,28.0,109.0,5.0,,,MID,5.5,27,0.0%,
Sessegnon,49,,55.0,33.0,29.0,166.0,7.5,,,MID,5.5,65,0.0%,
Scott,65,,36.0,28.0,28.0,157.0,7.8,,,MID,5.0,65,0.0%,
O.Dango,33,,69.0,64.0,61.0,227.0,9.5,,,MID,6.0,66,0.0%,
Doku,52,,43.0,39.0,38.0,172.0,6.6,,,MID,6.5,52,0.0%,
Højlund,15,,13.0,18.0,14.0,60.0,2.3,,,FWD,6.5,15,0.0%,
Kayode,67,,62.0,54.0,52.0,235.0,13.1,,,DEF,4.5,67,0.0%,
J.Murphy,44,,41.0,27.0,31.0,143.0,5.5,,,MID,6.5,44,0.0%,
C.Jones,27,,29.0,30.0,34.0,120.0,5.5,,,MID,5.5,27,0.0%,
David Møller Wolfe,66,1.7,1.7,2.3,1.4,2.4,9.6,0.02,0.0%,,,,,
Mavropanos,15,,16.0,22.0,28.0,81.0,4.5,,,DEF,4.5,15,0.0%,
Ayari,51,,48.0,50.0,48.0,197.0,9.8,,,MID,5.0,51,0.0%,
Bijol,80,,79.0,74.0,75.0,308.0,19.3,,,DEF,4.0,80,0.2%,
Udogie,10,,33.0,51.0,54.0,148.0,8.2,,,DEF,4.5,25,0.0%,
Hinshelwood,28,,28.0,32.0,35.0,123.0,5.6,,,MID,5.5,28,0.0%,
Estêvão,18,,23.0,28.0,27.0,96.0,3.7,,,MID,6.5,18,0.0%,
Maguire,46,,45.0,41.0,39.0,171.0,9.5,,,DEF,4.5,46,0.0%,
J.Timber,53,,60.0,62.0,67.0,242.0,11.0,,,DEF,5.5,53,0.0%,
F.Kadıoğlu,25,,22.0,25.0,28.0,100.0,5.6,,,DEF,4.5,25,0.0%,
Wilson,16,,25.0,29.0,31.0,101.0,4.2,,,FWD,6.0,16,0.0%,
Cook,0,,79.0,77.0,73.0,229.0,11.4,,,MID,5.0,0,0.0%,
Spence,71,,56.0,45.0,47.0,219.0,12.2,,,DEF,4.5,71,0.4%,
Adama,27,,29.0,27.0,29.0,112.0,5.1,,,MID,5.5,27,0.0%,
Yates,42,,44.0,45.0,44.0,175.0,8.8,,,MID,5.0,42,0.0%,
Lerma,37,,39.0,42.0,41.0,159.0,8.0,,,MID,5.0,37,0.0%,
Cherki,45,,43.0,40.0,37.0,165.0,6.3,,,MID,6.5,45,0.0%,
Hannibal,65,,58.0,61.0,56.0,240.0,12.0,,,MID,5.0,65,0.0%,
Lewis,31,,31.0,30.0,31.0,123.0,6.2,,,DEF,5.0,31,0.0%,
Tosin,64,,47.0,43.0,37.0,191.0,10.6,,,DEF,4.5,64,1.2%,
Nmecha,18,,15.0,13.0,13.0,59.0,3.0,,,FWD,5.0,18,0.0%,
Coppola,19,,25.0,24.0,26.0,94.0,5.2,,,DEF,4.5,19,0.0%,
Matheus N.,47,,48.0,48.0,44.0,187.0,8.5,,,DEF,5.5,47,0.0%,
Sadiki,57,,61.0,57.0,56.0,231.0,11.6,,,MID,5.0,57,0.0%,
Aaronson,29,,29.0,34.0,35.0,127.0,5.8,,,MID,5.5,29,0.0%,
Jensen,51,,40.0,39.0,42.0,172.0,8.6,,,MID,5.0,51,0.0%,
Amdouni,0,,0.0,0.0,0.0,0.0,0.0,,,FWD,5.0,0,0.0%,
Mazraoui,10,,29.0,39.0,39.0,117.0,5.8,,,DEF,5.0,23,0.0%,
L.Guilherme,19,,17.0,15.0,11.0,62.0,3.1,,,MID,5.0,19,0.0%,
Osula,27,,27.0,5.0,8.0,67.0,3.0,,,FWD,5.5,27,0.0%,
Merino,19,,20.0,25.0,21.0,85.0,3.5,,,MID,6.0,19,0.0%,
Onana,39,,43.0,42.0,50.0,174.0,8.7,,,MID,5.0,39,0.0%,
Roberts,25,,27.0,27.0,24.0,103.0,4.7,,,MID,5.5,25,0.0%,
Hoever,57,,43.0,45.0,42.0,187.0,11.7,,,DEF,4.0,57,0.0%,
Bruun Larsen,27,,22.0,23.0,26.0,98.0,4.5,,,MID,5.5,27,0.0%,
Gusto,26,,32.0,32.0,34.0,124.0,6.2,,,DEF,5.0,26,0.0%,
Hickey,28,,35.0,42.0,48.0,153.0,9.6,,,DEF,4.0,28,0.0%,
Hughes,52,,42.0,38.0,35.0,167.0,8.3,,,MID,5.0,52,0.0%,
Ramazani,24,,25.0,21.0,21.0,91.0,4.5,,,MID,5.0,24,0.0%,
Savinho,0,,0.0,10.0,19.0,29.0,1.0,,,MID,7.0,0,0.1%,
Seelt,13,,17.0,9.0,6.0,45.0,2.8,,,DEF,4.0,13,0.0%,
Jota,8,,9.0,13.0,12.0,42.0,1.9,,,MID,5.5,8,0.0%,
Milambo,24,,24.0,21.0,33.0,102.0,4.6,,,MID,5.5,24,0.0%,
O'Riley,50,,43.0,34.0,35.0,162.0,7.4,,,MID,5.5,50,0.0%,
Akanji,44,,39.0,30.0,25.0,138.0,6.3,,,DEF,5.5,44,0.0%,
P.M.Sarr,60,,60.0,56.0,56.0,232.0,11.6,,,MID,5.0,60,0.2%,
Gruda,26,,27.0,33.0,31.0,117.0,5.3,,,MID,5.5,26,0.0%,
Mount,18,,13.0,19.0,20.0,70.0,2.9,,,MID,6.0,18,0.0%,
Elliott,17,,20.0,22.0,23.0,82.0,3.7,,,MID,5.5,17,0.0%,
Patterson,22,,24.0,23.0,25.0,94.0,5.2,,,DEF,4.5,29,0.0%,
Boscagli,18,,27.0,25.0,27.0,97.0,5.4,,,DEF,4.5,18,0.0%,
Mings,20,,30.0,34.0,37.0,121.0,6.7,,,DEF,4.5,20,0.0%,
Trippier,36,,27.0,29.0,31.0,123.0,6.2,,,DEF,5.0,36,0.0%,
G.Rodriguez,17,,21.0,25.0,23.0,86.0,4.3,,,MID,5.0,17,0.0%,
N.Gonzalez,45,,35.0,23.0,13.0,116.0,4.8,,,MID,6.0,45,0.0%,
Delap,14,,12.0,20.0,16.0,62.0,2.4,,,FWD,6.5,14,0.0%,
Harrison,19,,23.0,25.0,28.0,95.0,4.3,,,MID,5.5,19,0.0%,
R.Gomes,16,,16.0,18.0,21.0,71.0,3.9,,,DEF,4.5,16,0.0%,
Isidor,19,,21.0,17.0,20.0,77.0,3.5,,,FWD,5.5,19,0.0%,
Hato,22,,25.0,29.0,28.0,104.0,5.2,,,DEF,5.0,22,0.0%,
Álvarez,3,,6.0,8.0,12.0,29.0,1.4,,,MID,5.0,3,0.0%,
Botman,18,,15.0,22.0,21.0,76.0,3.8,,,DEF,5.0,18,0.0%,
Casemiro,35,,36.0,36.0,34.0,141.0,6.4,,,MID,5.5,35,0.0%,
Christie,23,,47.0,60.0,56.0,186.0,9.3,,,MID,5.0,56,0.0%,
Castagne,28,,31.0,28.0,34.0,121.0,6.7,,,DEF,4.5,28,0.0%,
Bradley,10,,22.0,25.0,26.0,83.0,4.2,,,DEF,5.0,23,0.0%,
Marc Guiu,12,,24.0,31.0,27.0,94.0,5.2,,,FWD,4.5,12,88.2%,
J.Araujo,33,,34.0,34.0,32.0,133.0,8.3,,,DEF,4.0,33,0.0%,
Esse,20,,14.0,21.0,20.0,75.0,3.8,,,MID,5.0,20,0.0%,
Shaw,52,,44.0,46.0,44.0,186.0,10.3,,,DEF,4.5,52,0.0%,
Chiesa,5,,7.0,9.0,10.0,31.0,1.2,,,MID,6.5,5,0.0%,
Robertson,24,,24.0,24.0,27.0,99.0,4.1,,,DEF,6.0,24,0.0%,
Koleosho,18,,17.0,16.0,18.0,69.0,3.5,,,MID,5.0,18,0.0%,
S.Bueno,39,,41.0,40.0,39.0,159.0,8.8,,,DEF,4.5,39,0.0%,
Madueke,20,,27.0,32.0,29.0,108.0,3.9,,,MID,7.0,20,0.2%,
Gomez,23,,28.0,33.0,29.0,113.0,5.7,,,MID,5.0,23,0.0%,
Morato,12,,18.0,25.0,36.0,91.0,5.1,,,DEF,4.5,12,0.0%,
Struijk,15,,15.0,17.0,25.0,72.0,4.0,,,DEF,4.5,15,0.0%,
Wieffer,52,,53.0,50.0,53.0,208.0,10.4,,,MID,5.0,52,0.0%,
Fer López,36,,35.0,34.0,37.0,142.0,6.5,,,MID,5.5,36,0.0%,
L.Miley,6,,10.0,14.0,12.0,42.0,2.3,,,MID,4.5,6,0.0%,
Brooks,53,,31.0,34.0,33.0,151.0,7.5,,,MID,5.0,53,0.0%,
Aké,33,,25.0,22.0,26.0,106.0,4.8,,,DEF,5.5,33,0.0%,
Danso,18,,23.0,24.0,27.0,92.0,5.1,,,DEF,4.5,18,0.0%,
Igor Jesus,28,,34.0,31.0,34.0,127.0,5.3,,,FWD,6.0,28,0.0%,
H.Traorè,22,,7.0,8.0,7.0,44.0,2.4,,,MID,4.5,22,0.0%,
Sinisterra,0,,0.0,0.0,0.0,0.0,0.0,,,MID,5.0,0,0.0%,
Awoniyi,18,,16.0,17.0,20.0,71.0,3.2,,,FWD,5.5,18,0.0%,
Lamptey,6,,8.0,6.0,6.0,26.0,1.4,,,DEF,4.5,6,0.0%,
Bornauw,19,,11.0,16.0,20.0,66.0,4.1,,,DEF,4.0,25,0.0%,
Devenny,14,,11.0,17.0,17.0,59.0,3.3,,,MID,4.5,14,0.1%,
Zirkzee,6,,9.0,7.0,11.0,33.0,1.4,,,FWD,6.0,6,0.0%,
Rigg,10,,11.0,13.0,18.0,52.0,2.6,,,MID,5.0,10,0.0%,
Gomez,13,,19.0,20.0,21.0,73.0,3.6,,,DEF,5.0,17,0.0%,
Stones,24,,19.0,19.0,17.0,79.0,3.6,,,DEF,5.5,24,0.0%,
Ekdal,86,,79.0,69.0,68.0,302.0,18.9,,,DEF,4.0,86,0.0%,
Clyne,11,,18.0,18.0,20.0,67.0,4.2,,,DEF,4.0,11,0.0%,
Veltman,21,,21.0,28.0,24.0,94.0,5.2,,,DEF,4.5,21,0.0%,
Calafiori,26,,29.0,29.0,35.0,119.0,5.4,,,DEF,5.5,26,0.0%,
Hee Chan,5,,10.0,17.0,18.0,50.0,2.1,,,MID,6.0,5,0.0%,
M.Bizot,1,,2.0,2.0,1.0,6.0,0.3,,,GK,4.5,1,0.2%,
Sosa,20,,20.0,20.0,21.0,81.0,4.0,,,DEF,5.0,20,0.0%,
Khusanov,28,,21.0,22.0,26.0,97.0,4.4,,,DEF,5.5,28,0.0%,
Nwaneri,6,,7.0,7.0,8.0,28.0,1.3,,,MID,5.5,6,0.0%,
Ekwah,0,,0.0,0.0,0.0,0.0,0.0,,,MID,4.5,0,0.0%,
Scarles,14,,16.0,12.0,15.0,57.0,3.2,,,DEF,4.5,14,0.0%,
Cairney,5,,8.0,9.0,9.0,31.0,1.6,,,MID,5.0,5,0.0%,
Aznou,22,,9.0,13.0,13.0,57.0,3.2,,,DEF,4.5,22,0.0%,
A.Ramsey,7,,11.0,12.0,18.0,48.0,2.7,,,MID,4.5,7,0.0%,
Foster,14,,8.0,11.0,10.0,43.0,2.1,,,FWD,5.0,14,0.0%,
King,43,,32.0,34.0,28.0,137.0,7.6,,,MID,4.5,43,0.4%,
Summerville,0,,0.0,21.0,36.0,57.0,2.6,,,MID,5.5,0,0.0%,
Kiwior,8,,8.0,9.0,14.0,39.0,1.8,,,DEF,5.5,8,0.0%,
Philip,18,,4.0,3.0,4.0,29.0,1.4,,,MID,5.0,18,0.0%,
Bailey,18,,19.0,18.0,21.0,76.0,3.5,,,MID,5.5,18,0.0%,
Laurent,17,,17.0,22.0,24.0,80.0,4.0,,,MID,5.0,17,0.0%,
Lavia,0,,6.0,15.0,20.0,41.0,2.0,,,MID,5.0,0,0.0%,
Kroupi.Jr,18,,18.0,13.0,20.0,69.0,3.8,,,FWD,4.5,18,3.6%,
Igor,7,,7.0,10.0,10.0,34.0,1.9,,,DEF,4.5,7,0.0%,
Humphreys,0,,0.0,9.0,14.0,23.0,1.4,,,DEF,4.0,0,0.0%,
Pinnock,9,,11.0,13.0,20.0,53.0,2.9,,,DEF,4.5,9,0.0%,
Grealish,64,,69.0,68.0,61.0,262.0,10.1,,,MID,6.5,64,0.0%,
Byram,16,,13.0,18.0,22.0,69.0,4.3,,,DEF,4.0,16,0.0%,
O'Nien,0,,0.0,23.0,50.0,73.0,4.6,,,DEF,4.0,0,0.0%,
Nørgaard,11,,15.0,13.0,17.0,56.0,2.5,,,MID,5.5,11,0.0%,
Neil,19,,21.0,24.0,23.0,87.0,4.3,,,MID,5.0,19,0.0%,
Diop,15,,12.0,14.0,11.0,52.0,2.9,,,DEF,4.5,15,0.0%,
Bissouma,18,,19.0,23.0,22.0,82.0,3.7,,,MID,5.5,18,0.0%,
Endo,2,,4.0,6.0,5.0,17.0,0.8,,,MID,5.0,2,0.0%,
Gray,12,,14.0,17.0,19.0,62.0,3.1,,,MID,5.0,12,0.0%,
Tzimas,8,,9.0,11.0,12.0,40.0,1.8,,,FWD,5.5,8,0.0%,
Gruev,10,,13.0,14.0,17.0,54.0,2.7,,,MID,5.0,10,0.0%,
Barkley,4,,13.0,12.0,16.0,45.0,2.3,,,MID,5.0,9,0.0%,
Obi,3,,3.0,3.0,3.0,12.0,0.7,,,FWD,4.5,3,0.0%,
Tchaouna,4,,4.0,8.0,8.0,24.0,1.2,,,MID,5.0,4,0.0%,
Nkunku,0,,3.0,6.0,4.0,13.0,0.5,,,MID,6.0,0,0.0%,
Mepham,2,,5.0,6.0,10.0,23.0,1.4,,,DEF,4.0,2,0.0%,
Bayindir,0,,0.0,1.0,3.0,4.0,0.2,,,GK,5.0,0,0.0%,
Édouard,3,,4.0,5.0,6.0,18.0,0.9,,,FWD,5.0,3,0.0%,
Ajer,8,,14.0,10.0,12.0,44.0,2.4,,,DEF,4.5,8,0.0%,
Benson,5,,8.0,5.0,4.0,22.0,1.0,,,MID,5.5,5,0.0%,
Iroegbunam,6,,6.0,8.0,9.0,29.0,1.4,,,MID,5.0,6,0.0%,
Buonanotte,6,,5.0,9.0,8.0,28.0,1.4,,,MID,5.0,6,0.0%,
Lucas Pires,23,,22.0,23.0,19.0,87.0,5.4,,,DEF,4.0,23,0.0%,
Bobb,9,,9.0,9.0,11.0,38.0,1.7,,,MID,5.5,9,0.0%,
Josh Bowler,1,,2.0,1.0,2.0,6.0,0.0,,,FWD,99.9,1,0.0%,
Heaven,4,,6.0,5.0,6.0,21.0,1.3,,,DEF,4.0,4,0.0%,
Janelt,0,,11.0,20.0,21.0,52.0,2.6,,,MID,5.0,0,0.0%,
March,0,,0.0,0.0,0.0,0.0,0.0,,,MID,6.0,0,0.0%,
Da Silva Moreira,1,,1.0,2.0,2.0,6.0,0.3,,,MID,4.5,1,0.0%,
Willock,0,,0.0,9.0,19.0,28.0,1.4,,,MID,5.0,0,0.0%,
Nunes,0,,0.0,1.0,2.0,3.0,0.1,,,MID,5.0,0,0.0%,
Ramsdale,7,,10.0,11.0,19.0,47.0,2.4,,,GK,5.0,7,0.0%,
Poveda,3,,3.0,5.0,5.0,16.0,0.8,,,MID,5.0,3,0.0%,
D.Essugo,8,,7.0,10.0,10.0,35.0,1.9,,,MID,4.5,8,0.0%,
Huggins,0,,0.0,0.0,0.0,0.0,0.0,,,DEF,4.0,0,0.0%,
Roerslev,7,,5.0,6.0,7.0,25.0,1.4,,,DEF,4.5,7,0.0%,
Tsimikas,5,,5.0,5.0,6.0,21.0,1.1,,,DEF,5.0,5,0.0%,
Emerson,0,,0.0,1.0,0.0,1.0,0.1,,,DEF,4.5,0,0.0%,
Mundle,0,,0.0,0.0,0.0,0.0,0.0,,,MID,5.0,0,0.0%,
Fábio Silva,0,,0.0,0.0,0.0,0.0,0.0,,,FWD,5.0,0,0.0%,
Kalajdžić,5,,7.0,9.0,11.0,32.0,1.6,,,FWD,5.0,5,0.0%,
Keane,64,,41.0,20.0,16.0,141.0,7.8,,,DEF,4.5,64,0.0%,
A.García,1,,4.0,7.0,7.0,19.0,1.2,,,DEF,4.0,2,0.0%,
Watson,4,,6.0,6.0,5.0,21.0,1.1,,,MID,5.0,4,0.0%,
Stamenic,2,,1.0,3.0,3.0,9.0,0.5,,,MID,4.5,2,0.0%,
Bogarde,10,,11.0,15.0,14.0,50.0,3.1,,,DEF,4.0,10,0.0%,
McAtee,45,,53.0,52.0,54.0,204.0,9.3,,,MID,5.5,45,0.0%,
M.França,6,,12.0,21.0,21.0,60.0,3.3,,,MID,4.5,14,0.0%,
Y.Chermiti,0,,1.0,3.0,4.0,8.0,0.4,,,FWD,5.0,0,0.0%,
Bryan,0,,0.0,1.0,3.0,4.0,0.2,,,MID,5.0,0,0.0%,
Pembele,3,,6.0,6.0,4.0,19.0,1.2,,,DEF,4.0,3,0.0%,
Cornet,1,,2.0,0.0,2.0,5.0,0.3,,,MID,5.0,1,0.0%,
O.Richards,2,,4.0,5.0,5.0,16.0,0.9,,,DEF,4.5,2,0.0%,
Benitez,3,,4.0,6.0,4.0,17.0,1.1,,,GK,4.0,3,0.0%,
Solomon,0,,2.0,4.0,3.0,9.0,0.4,,,MID,5.5,0,0.0%,
Roberts,6,,8.0,10.0,8.0,32.0,1.8,,,DEF,4.5,6,0.0%,
Max Dowman,8,,6.0,7.0,8.0,29.0,0.1,,,MID,99.9,8,0.0%,
Mosquera,6,,7.0,10.0,11.0,34.0,1.5,,,DEF,5.5,6,0.0%,
Andrey Santos,11,,9.0,9.0,10.0,39.0,2.2,,,MID,4.5,11,0.0%,
Kovačić,0,,0.0,11.0,24.0,35.0,1.5,,,MID,6.0,0,0.0%,
Soler,6,,5.0,8.0,7.0,26.0,1.6,,,DEF,4.0,6,0.0%,
Hill,12,,17.0,18.0,20.0,67.0,4.2,,,DEF,4.0,12,0.0%,
Bamford,0,,0.0,0.0,1.0,1.0,0.1,,,FWD,5.0,0,0.0%,
Zinchenko,1,,1.0,5.0,4.0,11.0,0.6,,,DEF,5.0,1,0.0%,
Hayden,0,,0.0,0.0,0.0,0.0,0.0,,,MID,4.5,0,0.0%,
H.Bueno,6,,8.0,9.0,7.0,30.0,1.7,,,DEF,4.5,6,0.0%,
Raheem Sterling,3,,3.0,4.0,2.0,12.0,0.0,,,FWD,99.9,3,0.0%,
Krafth,3,,1.0,2.0,3.0,9.0,0.5,,,DEF,4.5,3,0.0%,
Davies,10,,8.0,7.0,9.0,34.0,1.9,,,DEF,4.5,10,0.0%,
Mamardashvili,1,,6.0,8.0,6.0,21.0,1.2,,,GK,4.5,1,0.0%,
George,2,,3.0,2.0,3.0,10.0,0.5,,,MID,5.0,2,0.0%,
Sima,1,,2.0,1.0,2.0,6.0,0.3,,,MID,5.5,1,0.0%,
Martinez,0,,0.0,2.0,35.0,37.0,1.9,,,DEF,5.0,0,0.0%,
Hjelde,0,,0.0,1.0,3.0,4.0,0.3,,,DEF,4.0,0,0.0%,
Pedro Lima,4,,2.0,1.0,3.0,10.0,0.6,,,DEF,4.0,4,0.0%,
Jordan,4,,6.0,12.0,16.0,38.0,2.4,,,DEF,4.0,4,0.0%,
Barnes,0,,0.0,0.0,0.0,0.0,0.0,,,FWD,4.5,0,0.2%,
Coleman,6,,2.0,3.0,5.0,16.0,0.9,,,DEF,4.5,6,0.0%,
Alex Moreno,3,,5.0,3.0,4.0,15.0,0.9,,,DEF,4.0,3,0.0%,
Browne,4,,5.0,5.0,9.0,23.0,1.3,,,MID,4.5,4,0.0%,
Trafford,3,,7.0,6.0,5.0,21.0,1.1,,,GK,5.0,3,0.0%,
Carney Chukwuemeka,3,,4.0,2.0,2.0,11.0,0.0,,,MID,99.9,3,0.0%,
Neto,0,,0.0,0.0,0.0,0.0,0.0,,,GK,4.5,0,0.0%,
Gelhardt,0,,0.0,0.0,0.0,0.0,0.0,,,MID,4.5,0,0.0%,
Jörgensen,2,,3.0,4.0,1.0,10.0,0.6,,,GK,4.5,2,0.0%,
Acheampong,3,,2.0,3.0,3.0,11.0,0.7,,,DEF,4.0,3,0.0%,
Kuol,0,,1.0,0.0,0.0,1.0,0.1,,,MID,4.5,0,0.0%,
Holding,0,,0.0,0.0,0.0,0.0,0.0,,,DEF,4.0,0,0.0%,
Weiss,23,,3.0,4.0,4.0,34.0,1.9,,,GK,4.5,23,0.0%,
Collyer,0,,0.0,1.0,1.0,2.0,0.1,,,MID,4.5,0,0.0%,
Triantis,0,,0.0,0.0,0.0,0.0,0.0,,,MID,4.5,0,0.0%,
B.Badiashile,0,,0.0,2.0,10.0,12.0,0.7,,,DEF,4.5,0,0.0%,
J.Rak-Sakyi,0,,0.0,1.0,1.0,2.0,0.1,,,MID,4.5,0,0.0%,
Peart-Harris,8,,2.0,1.0,1.0,12.0,0.7,,,MID,4.5,8,0.0%,
Greenwood,0,,1.0,2.0,2.0,5.0,0.3,,,MID,5.0,0,0.0%,
Reed,0,,0.0,1.0,1.0,2.0,0.1,,,MID,4.5,0,0.0%,
Bajcetic,0,,0.0,2.0,4.0,6.0,0.3,,,MID,4.5,0,0.0%,
Schmidt,6,,3.0,3.0,4.0,16.0,1.0,,,DEF,4.0,6,0.0%,
O’Reilly,3,,3.0,3.0,4.0,13.0,0.7,,,DEF,5.0,3,0.0%,
Faivre,4,,2.0,3.0,2.0,11.0,0.6,,,MID,4.5,4,0.0%,
Kostoulas,2,,1.0,3.0,4.0,10.0,0.5,,,FWD,5.0,2,0.0%,
J.Cuenca,35,,17.0,8.0,7.0,67.0,3.7,,,DEF,4.5,35,0.0%,
Kinsky,0,,1.0,2.0,4.0,7.0,0.4,,,GK,4.0,0,0.0%,
Ahamada,1,,1.0,2.0,2.0,6.0,0.3,,,MID,4.5,1,0.0%,
Arrizabalaga,2,,3.0,3.0,7.0,15.0,0.8,,,GK,4.5,2,0.0%,
Alese,0,,0.0,0.0,1.0,1.0,0.1,,,DEF,4.0,0,0.0%,
Marshall,3,,2.0,3.0,2.0,10.0,0.6,,,FWD,4.5,3,0.1%,
Jair Cunha,3,,6.0,6.0,9.0,24.0,1.3,,,DEF,4.5,3,0.0%,
Potts,59,,45.0,39.0,36.0,179.0,9.9,,,MID,4.5,59,0.1%,
Irving,2,,2.0,4.0,3.0,11.0,0.6,,,MID,4.5,2,0.0%,
David Datro Fofana,0,,0.0,1.0,2.0,3.0,0.0,,,FWD,99.9,0,0.0%,
Patterson,2,,3.0,1.0,4.0,10.0,0.6,,,GK,4.5,2,0.0%,
M.Sarr,0,,0.0,0.0,0.0,0.0,0.0,,,DEF,4.5,0,0.0%,
Steele,0,,1.0,2.0,4.0,7.0,0.4,,,GK,4.5,0,0.0%,
Johnstone,1,,0.0,3.0,2.0,6.0,0.3,,,GK,4.5,1,0.0%,
Darlow,0,,1.0,3.0,4.0,8.0,0.5,,,GK,4.0,0,0.0%,
Axel Disasi,2,,2.0,2.0,2.0,8.0,0.0,,,DEF,99.9,2,0.0%,
Lecomte,1,,2.0,4.0,4.0,11.0,0.7,,,GK,4.0,1,0.0%,
Travers,1,,2.0,0.0,2.0,5.0,0.3,,,GK,4.5,1,0.0%,
Valdimarsson,19,,3.0,3.0,1.0,26.0,1.6,,,GK,4.0,19,0.4%,
Godo,0,,0.0,1.0,0.0,1.0,0.1,,,MID,4.5,0,0.0%,
Malacia,1,,0.0,1.0,1.0,3.0,0.2,,,DEF,4.0,1,0.0%,
N.Aguerd,82,,77.0,71.0,74.0,304.0,16.9,,,DEF,4.5,82,0.0%,
Foderingham,0,,0.0,0.0,0.0,0.0,0.0,,,GK,4.0,0,0.0%,
Ji-soo,0,,1.0,2.0,2.0,5.0,0.3,,,DEF,4.0,0,0.0%,
Delcroix,4,,6.0,2.0,2.0,14.0,0.9,,,DEF,4.0,4,0.0%,
Nelson,0,,0.0,0.0,1.0,1.0,0.1,,,MID,5.0,0,0.0%,
Amass,0,,1.0,1.0,1.0,3.0,0.2,,,DEF,4.0,0,0.0%,
Armstrong,0,,1.0,1.0,2.0,4.0,0.2,,,MID,4.5,0,0.0%,
Maghoma,0,,1.0,0.0,0.0,1.0,0.1,,,MID,4.5,0,0.0%,
Obafemi,2,,0.0,0.0,0.0,2.0,0.1,,,FWD,4.5,2,0.1%,
Neave,0,,0.0,0.0,0.0,0.0,0.0,,,FWD,4.5,0,0.0%,
Renato Veiga,1,,1.0,1.0,2.0,5.0,0.0,,,DEF,99.9,1,0.0%,
Scarlett,0,,0.0,1.0,0.0,1.0,0.1,,,FWD,4.5,0,0.0%,
Sarmiento,0,,1.0,2.0,1.0,4.0,0.2,,,MID,5.0,0,0.0%,
C.Miguel,0,,0.0,0.0,2.0,2.0,0.1,,,GK,4.0,0,0.0%,
Boly,0,,0.0,2.0,2.0,4.0,0.3,,,DEF,4.0,0,0.0%,
Winterburn,2,,0.0,0.0,0.0,2.0,0.1,,,MID,4.5,2,0.0%,
Pond,0,,0.0,0.0,0.0,0.0,0.0,,,DEF,4.0,0,0.0%,
Abbott,0,,0.0,0.0,2.0,2.0,0.1,,,DEF,4.0,0,0.0%,
Konak,0,,0.0,0.0,1.0,1.0,0.1,,,MID,4.5,0,0.0%,
Gunn,0,,1.0,1.0,2.0,4.0,0.3,,,GK,4.0,0,0.0%,
R.Williams,1,,0.0,0.0,1.0,2.0,0.1,,,DEF,4.0,1,0.0%,
Kone,0,,0.0,0.0,0.0,0.0,0.0,,,MID,4.5,0,0.0%,
Moore,0,,0.0,0.0,0.0,0.0,0.0,,,GK,4.0,0,0.0%,
Fábio Vieira,0,,0.0,0.0,0.0,0.0,0.0,,,MID,5.5,0,0.0%,
Targett,0,,0.0,0.0,0.0,0.0,0.0,,,DEF,4.0,0,0.0%,
Ben Chilwell,0,,0.0,1.0,0.0,1.0,0.0,,,DEF,99.9,0,0.0%,
Sambi,0,,0.0,0.0,0.0,0.0,0.0,,,MID,4.5,0,0.0%,
Edozie,0,,0.0,0.0,0.0,0.0,0.0,,,MID,4.5,0,0.0%,
Anderson,0,,0.0,0.0,0.0,0.0,0.0,,,DEF,4.0,0,0.0%,
Woodman,0,,0.0,0.0,0.0,0.0,0.0,,,GK,4.0,0,0.0%,
Akinmboni,0,,1.0,2.0,1.0,4.0,0.3,,,DEF,4.0,0,0.0%,
Lascelles,0,,0.0,0.0,0.0,0.0,0.0,,,DEF,4.5,0,0.0%,
Hladký,3,,0.0,0.0,1.0,4.0,0.3,,,GK,4.0,3,0.0%,
Fredricson,0,,0.0,0.0,0.0,0.0,0.0,,,DEF,4.0,0,0.0%,
Worrall,2,,7.0,3.0,3.0,15.0,0.9,,,DEF,4.0,2,0.0%,
Hein,0,,0.0,0.0,0.0,0.0,0.0,,,GK,4.0,0,0.0%,
Setford,0,,0.0,0.0,0.0,0.0,0.0,,,GK,4.0,0,0.0%,
Clarke,0,,0.0,0.0,0.0,0.0,0.0,,,DEF,4.0,0,0.0%,
Kacurri,0,,0.0,0.0,0.0,0.0,0.0,,,DEF,4.0,0,0.0%,
Nichols,0,,0.0,0.0,0.0,0.0,0.0,,,DEF,4.0,0,0.0%,
Kabia,0,,0.0,0.0,0.0,0.0,0.0,,,MID,4.5,0,0.0%,
G.Jesus,0,,0.0,0.0,0.0,0.0,0.0,,,FWD,6.5,0,0.0%,
Gauci,0,,0.0,0.0,0.0,0.0,0.0,,,GK,4.0,0,0.0%,
Marschall,0,,0.0,0.0,0.0,0.0,0.0,,,GK,4.0,0,0.0%,
Sousa,0,,0.0,0.0,0.0,0.0,0.0,,,DEF,4.0,0,0.0%,
Yasin,0,,0.0,0.0,0.0,0.0,0.0,,,DEF,4.0,0,0.0%,
Buendía,1,,1.0,1.0,1.0,4.0,0.2,,,MID,5.5,1,0.0%,
Iling Jr,1,,1.0,2.0,3.0,7.0,0.3,,,MID,5.5,1,0.0%,
Barrenechea,0,,0.0,0.0,0.0,0.0,0.0,,,MID,5.0,0,0.0%,
Dobbin,0,,0.0,0.0,0.0,0.0,0.0,,,MID,5.0,0,0.0%,
Broggio,0,,0.0,0.0,0.0,0.0,0.0,,,MID,4.5,0,0.0%,
Dendoncker,0,,0.0,0.0,0.0,0.0,0.0,,,MID,4.5,0,0.0%,
Jimoh-Aloba,0,,0.0,1.0,1.0,2.0,0.1,,,MID,4.5,0,0.0%,
Young,0,,0.0,0.0,0.0,0.0,0.0,,,MID,4.5,0,0.0%,
Redmond,0,,0.0,0.0,0.0,0.0,0.0,,,FWD,4.5,0,0.0%,
Dennis,0,,4.0,2.0,3.0,9.0,0.6,,,GK,4.0,0,0.0%,
McKenna,0,,0.0,0.0,0.0,0.0,0.0,,,GK,4.0,0,0.0%,
Paulsen,0,,0.0,0.0,0.0,0.0,0.0,,,GK,4.0,0,0.0%,
Bevan,0,,0.0,0.0,1.0,1.0,0.1,,,DEF,4.0,0,0.0%,
Sadi,0,,0.0,0.0,0.0,0.0,0.0,,,MID,4.5,0,0.0%,
Silcott-Duberry,0,,0.0,0.0,0.0,0.0,0.0,,,MID,4.5,0,0.0%,
Enes Ünal,0,,0.0,0.0,0.0,0.0,0.0,,,FWD,5.5,0,0.0%,
Adu-Adjei,0,,0.0,0.0,0.0,0.0,0.0,,,FWD,4.5,0,0.1%,
Balcombe,0,,0.0,0.0,0.0,0.0,0.0,,,GK,4.0,0,0.0%,
Cox,3,,0.0,0.0,0.0,3.0,0.2,,,GK,4.0,3,0.0%,
Eyestone,0,,0.0,0.0,0.0,0.0,0.0,,,GK,4.0,0,0.0%,
Arthur,0,,0.0,0.0,0.0,0.0,0.0,,,DEF,4.0,0,0.0%,
Fredrick,0,,0.0,0.0,0.0,0.0,0.0,,,DEF,4.0,0,0.0%,
Meghoma,0,,0.0,0.0,0.0,0.0,0.0,,,DEF,4.0,0,0.0%,
Onyeka,0,,0.0,0.0,0.0,0.0,0.0,,,MID,5.0,0,0.0%,
Donovan,0,,0.0,0.0,0.0,0.0,0.0,,,MID,4.5,0,0.0%,
Trevitt,0,,0.0,0.0,0.0,0.0,0.0,,,MID,4.5,0,0.0%,
Morgan,0,,0.0,0.0,0.0,0.0,0.0,,,FWD,4.5,0,0.0%,
McGill,0,,0.0,0.0,0.0,0.0,0.0,,,GK,4.0,0,0.0%,
Rushworth,0,,0.0,0.0,0.0,0.0,0.0,,,GK,4.0,0,0.0%,
Scherpen,0,,0.0,0.0,0.0,0.0,0.0,,,GK,4.0,0,0.0%,
Estupiñan,0,,0.0,0.0,0.0,0.0,0.0,,,DEF,4.5,0,0.0%,
Webster,0,,0.0,0.0,0.0,0.0,0.0,,,DEF,4.5,0,0.0%,
Cashin,0,,0.0,0.0,0.0,0.0,0.0,,,DEF,4.0,0,0.0%,
Slater,0,,0.0,0.0,0.0,0.0,0.0,,,DEF,4.0,0,0.0%,
Tasker,0,,0.0,0.0,0.0,0.0,0.0,,,DEF,4.0,0,0.0%,
Enciso,0,,0.0,0.0,0.0,0.0,0.0,,,MID,5.5,0,0.0%,
Milner,0,,0.0,0.0,0.0,0.0,0.0,,,MID,5.0,0,0.0%,
Yalcouye,0,,0.0,0.0,0.0,0.0,0.0,,,MID,5.0,0,0.0%,
Knight,0,,0.0,0.0,0.0,0.0,0.0,,,MID,4.5,0,0.0%,
Mazilu,0,,0.0,0.0,0.0,0.0,0.0,,,MID,4.5,0,0.0%,
Moran,0,,0.0,0.0,0.0,0.0,0.0,,,MID,4.5,0,0.0%,
Ferguson,0,,0.0,0.0,0.0,0.0,0.0,,,FWD,5.5,0,0.0%,
Green,0,,0.0,0.0,0.0,0.0,0.0,,,GK,4.0,0,0.0%,
Dodgson,0,,0.0,0.0,0.0,0.0,0.0,,,DEF,4.0,0,0.0%,
Sambo,0,,0.0,0.0,0.0,0.0,0.0,,,DEF,4.0,0,0.0%,
Sonne,20,,21.0,20.0,24.0,85.0,5.3,,,DEF,4.0,20,0.0%,
Boateng,0,,0.0,0.0,0.0,0.0,0.0,,,MID,5.0,0,0.0%,
Churlinov,0,,0.0,0.0,0.0,0.0,0.0,,,MID,5.0,0,0.0%,
Adewumi,0,,0.0,0.0,0.0,0.0,0.0,,,MID,4.5,0,0.0%,
Banel,0,,0.0,0.0,0.0,0.0,0.0,,,MID,4.5,0,0.0%,
Trésor,0,,0.0,0.0,0.0,0.0,0.0,,,MID,4.5,0,0.0%,
Penders,0,,0.0,0.0,0.0,0.0,0.0,,,GK,4.0,0,0.0%,
Slonina,0,,0.0,0.0,0.0,0.0,0.0,,,GK,4.0,0,0.0%,
Colwill,0,,0.0,0.0,0.0,0.0,0.0,,,DEF,5.0,0,0.0%,
Anselmino,0,,0.0,0.0,0.0,0.0,0.0,,,DEF,4.0,0,0.0%,
Mudryk,0,,0.0,0.0,0.0,0.0,0.0,,,MID,5.0,0,0.0%,
Paez,0,,0.0,0.0,0.0,0.0,0.0,,,MID,4.5,0,0.0%,
Matthews,0,,0.0,0.0,0.0,0.0,0.0,,,GK,4.0,0,0.0%,
Chadi Riad,0,,0.0,0.0,0.0,0.0,0.0,,,DEF,4.0,0,0.0%,
Kporha,0,,0.0,0.0,0.0,0.0,0.0,,,DEF,4.0,0,0.0%,
Doucouré,0,,0.0,0.0,0.0,0.0,0.0,,,MID,5.0,0,0.0%,
Agbinone,0,,0.0,0.0,0.0,0.0,0.0,,,MID,4.5,0,0.0%,
Ebiowei,0,,0.0,0.0,0.0,0.0,0.0,,,MID,4.5,0,0.0%,
Ozoh,0,,0.0,0.0,0.0,0.0,0.0,,,MID,4.5,0,0.0%,
Rodney,0,,0.0,0.0,0.0,0.0,0.0,,,MID,4.5,0,0.0%,
Umeh,0,,0.0,0.0,0.0,0.0,0.0,,,MID,4.5,0,0.0%,
Nketiah,0,,0.0,0.0,0.0,0.0,0.0,,,FWD,5.5,0,0.0%,
Marsh,0,,0.0,0.0,0.0,0.0,0.0,,,FWD,4.5,0,0.0%,
Tyrer,0,,0.0,0.0,0.0,0.0,0.0,,,GK,4.0,0,0.0%,
Dixon,0,,0.0,0.0,0.0,0.0,0.0,,,DEF,4.0,0,0.0%,
Welch,0,,0.0,0.0,0.0,0.0,0.0,,,DEF,4.0,0,0.0%,
Bates,0,,0.0,0.0,0.0,0.0,0.0,,,MID,4.5,0,0.0%,
Ebere,0,,0.0,0.0,0.0,0.0,0.0,,,MID,4.5,0,0.0%,
Heath,0,,0.0,0.0,0.0,0.0,0.0,,,MID,4.5,0,0.0%,
Metcalfe,0,,0.0,0.0,0.0,0.0,0.0,,,MID,4.5,0,0.0%,
Sherif,0,,0.0,0.0,0.0,0.0,0.0,,,FWD,4.5,0,0.0%,
Benda,0,,0.0,0.0,0.0,0.0,0.0,,,GK,4.0,0,0.0%,
Amissah,0,,0.0,0.0,0.0,0.0,0.0,,,DEF,4.0,0,0.0%,
Harris,0,,0.0,0.0,0.0,0.0,0.0,,,MID,4.5,0,0.0%,
Meslier,0,,0.0,0.0,0.0,0.0,0.0,,,GK,4.5,0,0.0%,
Cairns,0,,0.0,0.0,0.0,0.0,0.0,,,GK,4.0,0,0.0%,
Crew,0,,0.0,0.0,0.0,0.0,0.0,,,MID,4.5,0,0.0%,
Gyabi,0,,0.0,0.0,0.0,0.0,0.0,,,MID,4.5,0,0.0%,
Mateo Joseph,0,,0.0,0.0,0.0,0.0,0.0,,,FWD,5.0,0,0.0%,
Pécsi,0,,0.0,0.0,0.0,0.0,0.0,,,GK,4.0,0,0.0%,
Nallo,0,,0.0,0.0,0.0,0.0,0.0,,,DEF,4.0,0,0.0%,
Ramsay,0,,0.0,0.0,0.0,0.0,0.0,,,DEF,4.0,0,0.0%,
Luis Díaz,0,,0.0,0.0,0.0,0.0,0.0,,,MID,8.0,0,0.0%,
Doak,0,,0.0,0.0,0.0,0.0,0.0,,,MID,5.0,0,0.0%,
McConnell,0,,0.0,0.0,0.0,0.0,0.0,,,MID,4.5,0,0.0%,
Morton,0,,0.0,0.0,0.0,0.0,0.0,,,MID,4.5,0,0.0%,
Nyoni,0,,0.0,0.0,0.0,0.0,0.0,,,MID,4.5,0,0.0%,
Darwin,0,,0.0,0.0,0.0,0.0,0.0,,,FWD,6.5,0,0.0%,
Danns,0,,0.0,0.0,0.0,0.0,0.0,,,FWD,4.5,0,0.0%,
Ortega Moreno,0,,0.0,0.0,0.0,0.0,0.0,,,GK,5.0,0,0.0%,
Bettinelli,0,,0.0,0.0,0.0,0.0,0.0,,,GK,4.0,0,0.0%,
Vitor Reis,0,,0.0,0.0,0.0,0.0,0.0,,,DEF,5.0,0,0.0%,
Echeverri,0,,0.0,0.0,0.0,0.0,0.0,,,MID,5.5,0,0.0%,
Nypan,0,,0.0,0.0,0.0,0.0,0.0,,,MID,5.0,0,0.0%,
Phillips,0,,0.0,0.0,0.0,0.0,0.0,,,MID,5.0,0,0.0%,
Harrison,0,,0.0,0.0,0.0,0.0,0.0,,,GK,4.0,0,0.0%,
Heaton,0,,0.0,0.0,0.0,0.0,0.0,,,GK,4.0,0,0.0%,
Mee,0,,0.0,0.0,0.0,0.0,0.0,,,GK,4.0,0,0.0%,
D.Leon,0,,0.0,0.0,0.0,0.0,0.0,,,DEF,4.5,0,0.0%,
Rashford,0,,0.0,0.0,0.0,0.0,0.0,,,MID,7.0,0,0.2%,
Garnacho,0,,0.0,0.0,0.0,0.0,0.0,,,MID,6.5,0,0.0%,
Antony,0,,0.0,0.0,0.0,0.0,0.0,,,MID,6.0,0,0.0%,
Sancho,0,,0.0,0.0,0.0,0.0,0.0,,,MID,6.0,0,0.0%,
Fitzgerald,0,,0.0,0.0,0.0,0.0,0.0,,,MID,4.5,0,0.0%,
J.Fletcher,0,,0.0,0.0,0.0,0.0,0.0,,,MID,4.5,0,0.0%,
Moorhouse,0,,0.0,0.0,0.0,0.0,0.0,,,MID,4.5,0,0.0%,
Wheatley,0,,0.0,0.0,0.0,0.0,0.0,,,FWD,4.5,0,0.2%,
Gillespie,0,,0.0,0.0,0.0,0.0,0.0,,,GK,4.0,0,0.0%,
Odysseas,0,,0.0,0.0,0.0,0.0,0.0,,,GK,4.0,0,0.0%,
A.Murphy,0,,0.0,0.0,0.0,0.0,0.0,,,DEF,4.0,0,0.0%,
Ashby,0,,0.0,0.0,0.0,0.0,0.0,,,DEF,4.0,0,0.0%,
Pivas,0,,0.0,0.0,0.0,0.0,0.0,,,DEF,4.0,0,0.0%,
Antoñito C.,0,,0.0,0.0,0.0,0.0,0.0,,,MID,5.0,0,0.0%,
White,0,,0.0,0.0,0.0,0.0,0.0,,,MID,4.5,0,0.0%,
Turner,0,,0.0,0.0,0.0,0.0,0.0,,,GK,4.0,0,0.0%,
David Carmo,0,,0.0,0.0,0.0,0.0,0.0,,,DEF,4.5,0,0.0%,
Dominguez,0,,0.0,0.0,0.0,0.0,0.0,,,MID,5.0,0,0.0%,
O'Brien,0,,0.0,0.0,0.0,0.0,0.0,,,MID,5.0,0,0.0%,
Moore,0,,0.0,0.0,0.0,0.0,0.0,,,MID,5.0,0,0.0%,
Nna Noukeu,0,,0.0,0.0,0.0,0.0,0.0,,,GK,4.0,0,0.0%,
Cirkin,0,,0.0,2.0,5.0,7.0,0.4,,,DEF,4.0,0,0.0%,
Johnson,0,,0.0,0.0,0.0,0.0,0.0,,,DEF,4.0,0,0.0%,
Aleksić,0,,0.0,0.0,0.0,0.0,0.0,,,MID,5.0,0,0.0%,
Ba,0,,0.0,0.0,0.0,0.0,0.0,,,MID,4.5,0,0.0%,
H.Jones,0,,0.0,0.0,0.0,0.0,0.0,,,MID,4.5,0,0.0%,
Matete,0,,0.0,0.0,0.0,0.0,0.0,,,MID,4.5,0,0.0%,
Abdullahi,0,,0.0,0.0,0.0,0.0,0.0,,,FWD,4.5,0,0.1%,
Luís Hemir,0,,0.0,0.0,0.0,0.0,0.0,,,FWD,4.5,0,0.2%,
Rusyn,0,,0.0,0.0,0.0,0.0,0.0,,,FWD,4.5,0,0.5%,
Austin,0,,0.0,0.0,0.0,0.0,0.0,,,GK,4.0,0,0.0%,
Dragusin,0,,0.0,0.0,0.0,0.0,0.0,,,DEF,4.5,0,0.0%,
Phillips,0,,0.0,0.0,0.0,0.0,0.0,,,DEF,4.0,0,0.0%,
Takai,0,,0.0,0.0,0.0,0.0,0.0,,,DEF,4.0,0,0.0%,
Vuskovic,0,,0.0,0.0,0.0,0.0,0.0,,,DEF,4.0,0,0.0%,
Son,0,,0.0,0.0,0.0,0.0,0.0,,,MID,8.5,0,0.0%,
Maddison,0,,0.0,0.0,0.0,0.0,0.0,,,MID,7.0,0,0.0%,
Kulusevski,0,,0.0,0.0,0.0,0.0,0.0,,,MID,6.5,0,0.0%,
Min-hyeok,0,,0.0,0.0,0.0,0.0,0.0,,,MID,4.5,0,0.0%,
Olusesi,0,,0.0,0.0,0.0,0.0,0.0,,,MID,4.5,0,0.0%,
Lankshear,0,,0.0,0.0,0.0,0.0,0.0,,,FWD,4.5,0,0.0%,
Hegyi,0,,0.0,0.0,0.0,0.0,0.0,,,GK,4.0,0,0.0%,
Casey,0,,0.0,0.0,0.0,0.0,0.0,,,DEF,4.0,0,0.0%,
Earthy,0,,0.0,0.0,0.0,0.0,0.0,,,MID,4.5,0,0.0%,
Orford,0,,0.0,0.0,0.0,0.0,0.0,,,MID,4.5,0,0.0%,
Bentley,0,,0.0,0.0,0.0,0.0,0.0,,,GK,4.0,0,0.0%,
King,0,,0.0,0.0,0.0,0.0,0.0,,,GK,4.0,0,0.0%,
Meupiyou,0,,0.0,0.0,0.0,0.0,0.0,,,DEF,4.0,0,0.0%,
Guedes,0,,0.0,0.0,0.0,0.0,0.0,,,MID,5.5,0,0.0%,
B.Traore,0,,0.0,0.0,0.0,0.0,0.0,,,MID,5.0,0,0.0%,
Chirewa,0,,0.0,0.0,0.0,0.0,0.0,,,MID,4.5,0,0.0%,
Gonzalez,0,,0.0,0.0,0.0,0.0,0.0,,,MID,4.5,0,0.0%,
Hodge,0,,0.0,0.0,0.0,0.0,0.0,,,MID,4.5,0,0.0%,
Chiwome,0,,0.0,0.0,0.0,0.0,0.0,,,FWD,4.5,0,0.0%,
Fraser,0,,0.0,0.0,0.0,0.0,0.0,,,FWD,4.5,0,0.0%,
Josh Wilson-Esbrand,0,,0.0,0.0,0.0,0.0,0.0,,,DEF,99.9,0,0.0%,
Issa Kaboré,0,,0.0,0.0,0.0,0.0,0.0,,,DEF,99.9,0,0.0%,
Alfie Gilchrist,0,,0.0,0.0,0.0,0.0,0.0,,,DEF,99.9,0,0.0%,
Emmanuel Dennis,0,,0.0,0.0,0.0,0.0,0.0,,,FWD,99.9,0,0.0%,
Hindolo Mustapha,0,,0.0,0.0,0.0,0.0,0.0,,,MID,99.9,0,0.0%,
Callum Doyle,0,,0.0,0.0,0.0,0.0,0.0,,,DEF,99.9,0,0.0%,
Diakité,90,,87.0,87.0,79.0,343.0,19.1,,,DEF,4.5,90,0.0%,
Šeško,60,,69.0,72.0,67.0,268.0,8.9,,,FWD,7.5,60,0.0%,
Hermansen,89,,87.0,85.0,86.0,347.0,19.3,,,GK,4.5,89,0.1%,
Alderete,79,,82.0,71.0,54.0,286.0,17.9,,,DEF,4.0,79,0.0%,
Dominic Calvert-Lewin,33,,41.0,51.0,52.0,177.0,0.4,,,FWD,99.9,33,0.0%,
Broja,33,,36.0,48.0,49.0,166.0,7.5,,,FWD,5.5,33,0.0%,
Thiaw,37,,58.0,62.0,62.0,219.0,10.9,,,DEF,5.0,37,0.0%,
Møller Wolfe,64,,60.0,60.0,59.0,243.0,13.5,,,DEF,4.5,64,0.0%,
Jackson Tchatchoua,27,,30.0,36.0,34.0,127.0,0.3,,,DEF,99.9,27,0.0%,
Masuaku,20,,24.0,23.0,18.0,85.0,5.3,,,DEF,4.0,20,0.0%,
Leif Davis,0,,0.0,13.0,10.0,23.0,0.1,,,DEF,99.9,0,0.0%,
Mateus Mané,0,,1.0,1.0,3.0,5.0,0.0,,,FWD,99.9,0,0.0%,
Sam Chambers,0,,0.0,0.0,0.0,0.0,0.0,,,MID,99.9,0,0.0%,
Rio Cardines,0,,0.0,0.0,0.0,0.0,0.0,,,DEF,99.9,0,0.0%,
