Name,xMins,GW1,GW2,GW3,GW4,GW5,Total,xMins/£M,Elite%,Position,Price,Unnamed: 3,/£M,Unnamed: 12
M.Salah,87,,89,86,83,345,5.9,,,MID,14.5,87,97.8%,
Palmer,90,,86,85,81,342,8.1,,,MID,10.5,90,98.7%,
Haaland,90,,83,78,76,327,5.8,,,FWD,14.0,90,1.7%,
Saka,87,,79,79,78,323,8.1,,,MID,10.0,87,3.2%,
B.Fernandes,90,,85,86,84,345,9.6,,,MID,9.0,90,87.1%,
Marmoush,76,,72,75,70,293,8.6,,,MID,8.5,76,1.2%,
Eze,87,,83,77,78,325,10.8,,,MID,7.5,87,0.5%,
Wirtz,84,,81,78,79,322,9.5,,,MID,8.5,84,68.0%,
Watkins,83,,84,80,75,322,8.9,,,FWD,9.0,83,46.7%,
Bowen,90,,89,85,84,348,10.9,,,FWD,8.0,90,3.3%,
Mateta,87,,82,76,82,327,10.9,,,FWD,7.5,87,49.7%,
Gakpo,69,,67,69,67,272,9.1,,,MID,7.5,69,4.4%,
Gibbs-White,81,,77,75,77,310,10.3,,,MID,7.5,81,0.0%,
Semenyo,88,,85,81,81,335,12.0,,,MID,7.0,88,0.2%,
Virgil,91,,86,84,88,349,14.5,,,DEF,6.0,91,5.6%,
Evanilson,84,,79,80,77,320,11.4,,,FWD,7.0,84,15.4%,
Enzo,89,,90,86,83,348,13.4,,,MID,6.5,89,0.2%,
Ødegaard,84,,79,76,70,309,9.7,,,MID,8.0,84,0.0%,
Tielemans,87,,78,79,82,326,13.6,,,MID,6.0,87,12.8%,
Sarr,81,,78,77,78,314,12.1,,,MID,6.5,81,6.9%,
Rogers,86,,83,82,84,335,12.0,,,MID,7.0,86,11.3%,
Solanke,61,,74,68,66,269,9.0,,,FWD,7.5,61,0.3%,
Wood,80,,77,77,75,309,10.3,,,FWD,7.5,80,1.0%,
Strand Larsen,84,,77,77,82,320,12.3,,,FWD,6.5,84,59.7%,
Ndiaye,78,,75,73,69,295,11.3,,,MID,6.5,78,2.7%,
Anderson,82,,80,80,76,318,14.5,,,MID,5.5,82,14.2%,
L.Paquetá,81,,79,75,72,307,12.8,,,MID,6.0,81,5.8%,
Mitoma,83,,82,78,77,320,12.3,,,MID,6.5,83,2.2%,
Frimpong,81,,72,72,68,293,12.2,,,DEF,6.0,81,1.2%,
Cunha,75,,70,75,63,283,8.8,,,MID,8.0,75,0.0%,
Mac Allister,78,,78,76,77,309,11.9,,,MID,6.5,78,0.0%,
Schade,59,,77,74,67,277,9.9,,,MID,7.0,78,0.0%,
Rice,83,,80,77,73,313,12.0,,,MID,6.5,83,0.1%,
Damsgaard,86,,81,77,76,320,13.3,,,MID,6.0,86,0.0%,
Murillo,88,,85,83,75,331,15.0,,,DEF,5.5,88,66.5%,
Mbeumo,70,,74,70,68,282,8.8,,,MID,8.0,70,0.0%,
Joelinton,86,,85,72,74,317,13.2,,,MID,6.0,86,0.0%,
Kudus,74,,65,67,65,271,10.4,,,MID,6.5,74,0.6%,
Bruno G.,90,,90,80,81,341,13.1,,,MID,6.5,90,0.0%,
Raya,93,,90,87,88,358,16.3,,,GK,5.5,93,0.9%,
Neto,72,,70,64,65,271,9.7,,,MID,7.0,72,0.1%,
Kluivert,22,,63,65,66,216,7.7,,,MID,7.0,53,0.1%,
Welbeck,40,,49,56,54,199,7.7,,,FWD,6.5,40,0.0%,
Lacroix,90,,88,85,79,342,17.1,,,DEF,5.0,90,3.5%,
A.Becker,92,,89,88,84,353,16.0,,,GK,5.5,92,0.3%,
Cucurella,91,,87,84,83,345,14.4,,,DEF,6.0,91,1.2%,
Iwobi,83,,80,75,79,317,12.2,,,MID,6.5,83,0.0%,
N.Williams,90,,86,76,73,325,16.3,,,DEF,5.0,90,34.1%,
Muñoz,89,,85,82,80,336,15.3,,,DEF,5.5,89,5.9%,
Gordon,75,,78,58,62,273,9.1,,,MID,7.5,75,0.2%,
Sánchez,93,,90,91,90,364,18.2,,,GK,5.0,93,67.0%,
Konaté,85,,79,79,77,320,14.5,,,DEF,5.5,85,0.0%,
Caicedo,90,,86,84,80,340,15.5,,,MID,5.5,90,0.0%,
Gyökeres,60,,59,58,62,239,6.6,,,FWD,9.0,60,0.4%,
Ederson M.,91,,85,87,88,351,16.0,,,GK,5.5,91,0.0%,
Schär,87,,82,78,75,322,14.6,,,DEF,5.5,87,0.0%,
Andersen,90,,87,85,84,346,19.2,,,DEF,4.5,90,83.3%,
Collins,93,,89,88,84,354,17.7,,,DEF,5.0,93,0.1%,
Gabriel,89,,83,79,83,334,13.9,,,DEF,6.0,89,1.4%,
Ekitiké,61,,56,52,53,222,6.5,,,FWD,8.5,61,2.1%,
Georginio,76,,74,73,68,291,12.1,,,MID,6.0,76,26.2%,
Pedro Porro,88,,81,76,73,318,14.5,,,DEF,5.5,88,96.1%,
Sels,94,,93,90,90,367,18.4,,,GK,5.0,94,10.7%,
Tarkowski,90,,89,84,86,349,15.9,,,DEF,5.5,90,7.9%,
Saliba,89,,88,85,90,352,14.7,,,DEF,6.0,89,0.1%,
Milenković,91,,87,84,83,345,15.7,,,DEF,5.5,91,2.6%,
Areola,3,,4,6,8,21,1.2,,,GK,4.5,3,0.0%,
Richards,86,,84,82,78,330,18.3,,,DEF,4.5,86,14.7%,
Van den Berg,90,,86,84,85,345,19.2,,,DEF,4.5,90,0.1%,
Tonali,90,,86,80,76,332,15.1,,,MID,5.5,90,0.0%,
Wilson,71,,69,67,55,262,11.9,,,MID,5.5,71,0.0%,
Guéhi,90,,88,85,87,350,19.4,,,DEF,4.5,90,0.9%,
Estève,91,,87,84,89,351,21.9,,,DEF,4.0,91,86.6%,
Leno,93,,92,92,90,367,18.4,,,GK,5.0,93,0.0%,
Pickford,93,,93,93,92,371,16.9,,,GK,5.5,93,0.0%,
Gomes,89,,83,82,77,331,15.0,,,MID,5.5,89,0.0%,
Vicario,93,,92,91,89,365,18.3,,,GK,5.0,93,10.7%,
Verbruggen,94,,93,92,92,371,20.6,,,GK,4.5,94,7.2%,
Kelleher,70,,92,89,88,339,18.8,,,GK,4.5,93,2.7%,
Petrović,94,,92,92,91,369,20.5,,,GK,4.5,94,3.2%,
Anthony,67,,61,66,66,260,11.8,,,MID,5.5,67,0.0%,
J.Arias,79,,76,77,72,304,13.8,,,MID,5.5,79,0.4%,
Baleba,84,,77,76,74,311,15.6,,,MID,5.0,84,0.0%,
Gana,85,,84,85,79,333,15.1,,,MID,5.5,85,0.0%,
Hall,60,,83,80,80,303,13.8,,,DEF,5.5,60,0.0%,
Konsa,89,,87,88,83,347,19.3,,,DEF,4.5,89,5.9%,
Thiago,77,,70,58,52,257,10.7,,,FWD,6.0,77,10.0%,
Gvardiol,5,,44,75,75,199,8.3,,,DEF,6.0,12,0.2%,
Kilman,90,,87,80,81,338,18.8,,,DEF,4.5,90,0.1%,
Minteh,68,,65,66,61,260,10.8,,,MID,6.0,68,0.3%,
McNeil,40,,42,43,42,167,7.0,,,MID,6.0,40,0.0%,
Henderson,91,,90,88,82,351,17.6,,,GK,5.0,91,0.0%,
Aït-Nouri,80,,71,60,60,271,11.3,,,DEF,6.0,80,1.8%,
José Sá,94,,92,90,93,369,20.5,,,GK,4.5,94,0.0%,
Senesi,88,,86,85,83,342,19.0,,,DEF,4.5,88,1.9%,
Romero,89,,84,83,81,337,16.9,,,DEF,5.0,89,14.3%,
Adingra,80,,73,75,77,305,13.9,,,MID,5.5,80,0.1%,
Roefs,93,,92,91,92,368,20.4,,,GK,4.5,93,0.0%,
E.Le Fée,49,,46,47,49,191,9.6,,,MID,5.0,49,0.0%,
Branthwaite,15,,53,83,85,236,10.7,,,DEF,5.5,36,0.0%,
Reijnders,73,,72,66,71,282,12.8,,,MID,5.5,73,44.1%,
Munetsi,52,,51,55,56,214,9.7,,,MID,5.5,52,0.0%,
Cash,77,,75,71,68,291,16.2,,,DEF,4.5,77,0.0%,
Dúbravka,65,,91,90,86,332,20.8,,,GK,4.0,65,95.1%,
Perri,93,,91,91,90,365,20.3,,,GK,4.5,93,1.5%,
Dorgu,82,,81,76,75,314,17.4,,,DEF,4.5,82,20.7%,
Malen,56,,52,45,46,199,9.0,,,MID,5.5,56,0.1%,
Van Hecke,91,,88,83,84,346,19.2,,,DEF,4.5,91,0.1%,
Tel,47,,40,37,45,169,6.5,,,MID,6.5,47,0.0%,
Wan-Bissaka,89,,83,83,86,341,18.9,,,DEF,4.5,89,0.9%,
Zabarnyi,0,,0,0,0,0,0.0,,,DEF,5.0,0,0.0%,
Isak,0,,0,85,85,170,4.0,,,FWD,10.5,0,0.0%,
Hudson-Odoi,71,,65,63,62,261,10.9,,,MID,6.0,71,0.0%,
Szoboszlai,51,,51,55,54,211,8.1,,,MID,6.5,51,0.0%,
Pope,87,,85,79,77,328,16.4,,,GK,5.0,87,0.0%,
Aina,90,,88,86,83,347,17.4,,,DEF,5.0,90,0.0%,
Füllkrug,79,,68,65,65,277,11.5,,,FWD,6.0,79,3.9%,
Lukić,75,,78,72,71,296,14.8,,,MID,5.0,75,0.0%,
Lewis-Skelly,68,,60,61,54,243,11.0,,,DEF,5.5,68,0.0%,
Ndoye,52,,48,48,46,194,8.1,,,MID,6.0,52,0.0%,
João Pedro,64,,65,63,60,252,8.4,,,FWD,7.5,64,11.8%,
Agbadou,91,,90,83,84,348,19.3,,,DEF,4.5,91,7.2%,
Onana,92,,92,91,89,364,18.2,,,GK,5.0,92,0.0%,
Todibo,78,,77,75,79,309,17.2,,,DEF,4.5,78,0.0%,
Cullen,84,,81,82,80,327,16.4,,,MID,5.0,84,0.0%,
Bassey,89,,87,87,83,346,19.2,,,DEF,4.5,89,0.0%,
Mitchell,75,,71,73,72,291,14.6,,,DEF,5.0,75,0.0%,
Dewsbury-Hall,71,,69,67,66,273,13.7,,,MID,5.0,71,8.6%,
Piroe,54,,50,41,36,181,8.2,,,FWD,5.5,54,0.6%,
Souček,33,,43,43,41,160,6.7,,,MID,6.0,33,0.0%,
Truffert,88,,85,83,82,338,18.8,,,DEF,4.5,88,0.2%,
Foden,40,,57,49,46,192,6.0,,,MID,8.0,40,0.0%,
Muniz,24,,34,33,34,125,5.7,,,FWD,5.5,24,0.0%,
Edwards,63,,58,55,58,234,11.7,,,MID,5.0,63,0.0%,
Xhaka,88,,86,84,81,339,16.9,,,MID,5.0,88,0.1%,
Alcaraz,44,,41,45,50,180,8.2,,,MID,5.5,44,0.0%,
Kamara,77,,80,74,69,300,15.0,,,MID,5.0,77,0.0%,
Rúben,84,,76,73,72,305,13.9,,,DEF,5.5,84,0.0%,
Burn,56,,41,40,38,175,8.8,,,DEF,5.0,56,0.0%,
Bernardo,61,,53,51,48,213,8.2,,,MID,6.5,61,0.0%,
André,87,,81,80,76,324,14.7,,,MID,5.5,87,0.0%,
N.Jackson,51,,56,53,51,211,8.1,,,FWD,6.5,51,0.0%,
Tavernier,82,,76,72,70,300,13.6,,,MID,5.5,82,0.1%,
Martinez,94,,93,91,92,370,18.5,,,GK,5.0,94,0.0%,
De Ligt,85,,79,76,76,316,15.8,,,DEF,5.0,85,0.0%,
Bentancur,78,,75,69,72,294,13.4,,,MID,5.5,78,0.0%,
Elanga,62,,62,54,48,226,8.1,,,MID,7.0,62,0.2%,
De Cuyper,70,,68,65,61,264,14.7,,,DEF,4.5,70,0.9%,
James,68,,62,62,56,248,11.3,,,DEF,5.5,68,0.1%,
Beto,46,,48,45,41,180,8.2,,,FWD,5.5,46,0.0%,
Mykolenko,64,,85,77,79,305,15.3,,,DEF,5.0,85,0.0%,
Kerkez,66,,68,61,63,258,10.8,,,DEF,6.0,66,0.2%,
Wissa,0,,0,20,46,66,2.2,,,FWD,7.5,0,0.1%,
James,67,,60,62,62,251,11.4,,,MID,5.5,67,0.0%,
Ballard,88,,85,80,77,330,18.3,,,DEF,4.5,88,0.1%,
Van de Ven,87,,84,82,78,331,18.4,,,DEF,4.5,87,16.3%,
Zubimendi,76,,75,75,71,297,13.5,,,MID,5.5,76,0.0%,
Wharton,74,,69,69,69,281,14.1,,,MID,5.0,74,0.0%,
Henderson,55,,59,58,50,222,11.1,,,MID,5.0,55,0.0%,
O'Brien,87,,83,83,82,335,16.8,,,DEF,5.0,87,0.0%,
Lewis-Potter,64,,47,46,45,202,10.1,,,DEF,5.0,64,0.0%,
Hume,90,,86,80,82,338,18.8,,,DEF,4.5,90,0.0%,
Pau,72,,73,72,69,286,15.9,,,DEF,4.5,72,0.0%,
Livramento,75,,74,71,67,287,14.3,,,DEF,5.0,75,0.0%,
Robinson,1,,26,80,84,191,9.6,,,DEF,5.0,25,0.0%,
Raúl,76,,67,62,62,267,10.3,,,FWD,6.5,76,0.0%,
Rodon,88,,88,80,82,338,21.1,,,DEF,4.0,88,6.4%,
Toti,92,,88,83,82,345,19.2,,,DEF,4.5,92,0.0%,
Bogle,65,,84,81,79,309,17.2,,,DEF,4.5,86,0.0%,
Armando Broja,56,56.0,58,54,50,55,273.0,0.5,0.0%,,,,,
Carvalho,50,,37,33,30,150,7.5,,,MID,5.0,50,0.0%,
Stach,80,,73,70,73,296,14.8,,,MID,5.0,80,0.0%,
Guessand,46,,52,59,53,210,8.1,,,MID,6.5,46,0.0%,
Flemming,55,,56,48,46,205,9.3,,,FWD,5.5,55,0.0%,
Havertz,43,,38,43,37,161,5.4,,,FWD,7.5,43,0.0%,
Barnes,49,,49,34,31,163,6.3,,,MID,6.5,49,0.0%,
Gudmundsson,84,,78,69,75,306,19.1,,,DEF,4.0,84,5.1%,
Sangaré,52,,52,47,48,199,9.9,,,MID,5.0,52,0.0%,
Amad,57,,55,54,53,219,8.4,,,MID,6.5,57,0.0%,
Tete,72,,63,63,60,258,14.3,,,DEF,4.5,72,0.0%,
Mosquera,7,,14,22,28,71,3.9,,,DEF,4.5,7,0.0%,
Ward-Prowse,65,,64,69,67,265,11.0,,,MID,6.0,65,0.0%,
Smith Rowe,44,,39,38,42,163,6.8,,,MID,6.0,44,0.0%,
Fofana,28,,51,68,73,220,12.2,,,DEF,4.5,37,0.0%,
Talbi,68,,65,60,60,253,12.7,,,MID,5.0,68,0.0%,
Yoro,74,,74,70,61,279,15.5,,,DEF,4.5,74,0.0%,
Gravenberch,78,,83,79,77,317,14.4,,,MID,5.5,78,0.0%,
Walker,87,,83,82,78,330,18.3,,,DEF,4.5,87,0.0%,
Reinildo,78,,76,71,66,291,18.2,,,DEF,4.0,78,0.1%,
McGinn,64,,59,61,59,243,11.0,,,MID,5.5,64,0.0%,
Andreas,45,,42,48,42,177,8.0,,,MID,5.5,45,0.0%,
Bergvall,39,,41,40,45,165,7.5,,,MID,5.5,39,0.0%,
White,47,,36,36,36,155,7.0,,,DEF,5.5,47,0.0%,
Trossard,17,,26,32,27,102,3.6,,,MID,7.0,17,0.0%,
Martinelli,47,,37,39,40,163,5.8,,,MID,7.0,47,0.0%,
Gnonto,55,,57,54,52,218,9.9,,,MID,5.5,55,0.0%,
Garner,74,,71,70,65,280,14.0,,,MID,5.0,74,0.0%,
Henry,72,,69,60,60,261,14.5,,,DEF,4.5,72,0.0%,
Doherty,70,,73,67,66,276,15.3,,,DEF,4.5,70,0.0%,
Chalobah,69,,61,47,42,219,10.9,,,DEF,5.0,69,0.0%,
Yarmoliuk,66,,58,54,55,233,11.7,,,MID,5.0,66,0.0%,
Johnson,41,,36,35,43,155,5.5,,,MID,7.0,41,0.1%,
Dunk,68,,73,67,61,269,14.9,,,DEF,4.5,68,0.0%,
Berge,74,,74,72,69,289,14.4,,,MID,5.0,74,0.0%,
Ugochukwu,78,,76,71,69,294,14.7,,,MID,5.0,78,0.0%,
Tuanzebe,13,,19,24,23,79,4.9,,,DEF,4.0,13,0.0%,
Longstaff,54,,52,50,52,208,10.4,,,MID,5.0,54,0.0%,
Adams,85,,45,42,44,216,10.8,,,MID,5.0,85,0.0%,
Barry,53,,50,50,52,205,8.5,,,FWD,6.0,53,0.0%,
Walker-Peters,37,,47,41,34,159,8.8,,,DEF,4.5,37,0.0%,
J.Ramsey,34,,45,33,33,145,6.6,,,MID,5.5,34,0.0%,
Diarra,76,,74,78,68,296,13.5,,,MID,5.5,76,0.0%,
Rodrigo,29,,58,69,82,238,9.2,,,MID,6.5,31,0.0%,
Kamada,14,,33,44,46,137,6.8,,,MID,5.0,34,0.0%,
Hartman,70,,73,64,60,267,16.7,,,DEF,4.0,70,0.4%,
Mayenda,60,,47,43,44,194,8.8,,,FWD,5.5,60,0.0%,
Diouf,75,,72,70,66,283,15.7,,,DEF,4.5,75,3.5%,
Richarlison,47,,35,37,37,156,6.0,,,FWD,6.5,47,0.0%,
Gittens,39,,39,39,40,157,6.0,,,MID,6.5,39,0.0%,
Bellegarde,29,,36,39,39,143,6.5,,,MID,5.5,29,0.0%,
J.Palhinha,70,,62,69,62,263,12.0,,,MID,5.5,70,0.1%,
Gündoğan,41,,43,42,37,163,6.3,,,MID,6.5,41,0.0%,
Maatsen,45,,45,49,47,186,10.3,,,DEF,4.5,45,0.0%,
Digne,50,,51,43,51,195,10.8,,,DEF,4.5,50,0.0%,
Smith,58,,59,57,54,228,12.7,,,DEF,4.5,58,0.0%,
Mainoo,46,,45,43,44,178,8.9,,,MID,5.0,46,0.0%,
Ugarte,44,,40,43,41,168,8.4,,,MID,5.0,44,0.0%,
Dalot,65,,61,61,53,240,13.3,,,DEF,4.5,65,0.0%,
Tanaka,62,,63,64,62,251,12.6,,,MID,5.0,62,0.0%,
Ampadu,64,,67,64,61,256,12.8,,,MID,5.0,64,0.0%,
Odobert,27,,27,27,28,109,5.0,,,MID,5.5,27,0.0%,
Sessegnon,49,,55,33,29,166,7.5,,,MID,5.5,65,0.0%,
Scott,65,,36,28,28,157,7.8,,,MID,5.0,65,0.0%,
O.Dango,33,,69,64,61,227,9.5,,,MID,6.0,66,0.0%,
Doku,52,,43,39,38,172,6.6,,,MID,6.5,52,0.0%,
Højlund,15,,13,18,14,60,2.3,,,FWD,6.5,15,0.0%,
Kayode,67,,62,54,52,235,13.1,,,DEF,4.5,67,0.0%,
J.Murphy,44,,41,27,31,143,5.5,,,MID,6.5,44,0.0%,
C.Jones,27,,29,30,34,120,5.5,,,MID,5.5,27,0.0%,
David Møller Wolfe,66,66.0,55,58,55,58,292.0,0.6,0.0%,,,,,
Mavropanos,15,,16,22,28,81,4.5,,,DEF,4.5,15,0.0%,
Ayari,51,,48,50,48,197,9.8,,,MID,5.0,51,0.0%,
Bijol,80,,79,74,75,308,19.3,,,DEF,4.0,80,0.2%,
Udogie,10,,33,51,54,148,8.2,,,DEF,4.5,25,0.0%,
Hinshelwood,28,,28,32,35,123,5.6,,,MID,5.5,28,0.0%,
Estêvão,18,,23,28,27,96,3.7,,,MID,6.5,18,0.0%,
Maguire,46,,45,41,39,171,9.5,,,DEF,4.5,46,0.0%,
J.Timber,53,,60,62,67,242,11.0,,,DEF,5.5,53,0.0%,
F.Kadıoğlu,25,,22,25,28,100,5.6,,,DEF,4.5,25,0.0%,
Wilson,16,,25,29,31,101,4.2,,,FWD,6.0,16,0.0%,
Cook,0,,79,77,73,229,11.4,,,MID,5.0,0,0.0%,
Spence,71,,56,45,47,219,12.2,,,DEF,4.5,71,0.4%,
Adama,27,,29,27,29,112,5.1,,,MID,5.5,27,0.0%,
Yates,42,,44,45,44,175,8.8,,,MID,5.0,42,0.0%,
Lerma,37,,39,42,41,159,8.0,,,MID,5.0,37,0.0%,
Cherki,45,,43,40,37,165,6.3,,,MID,6.5,45,0.0%,
Hannibal,65,,58,61,56,240,12.0,,,MID,5.0,65,0.0%,
Lewis,31,,31,30,31,123,6.2,,,DEF,5.0,31,0.0%,
Tosin,64,,47,43,37,191,10.6,,,DEF,4.5,64,1.2%,
Nmecha,18,,15,13,13,59,3.0,,,FWD,5.0,18,0.0%,
Coppola,19,,25,24,26,94,5.2,,,DEF,4.5,19,0.0%,
Matheus N.,47,,48,48,44,187,8.5,,,DEF,5.5,47,0.0%,
Sadiki,57,,61,57,56,231,11.6,,,MID,5.0,57,0.0%,
Aaronson,29,,29,34,35,127,5.8,,,MID,5.5,29,0.0%,
Jensen,51,,40,39,42,172,8.6,,,MID,5.0,51,0.0%,
Amdouni,0,,0,0,0,0,0.0,,,FWD,5.0,0,0.0%,
Mazraoui,10,,29,39,39,117,5.8,,,DEF,5.0,23,0.0%,
L.Guilherme,19,,17,15,11,62,3.1,,,MID,5.0,19,0.0%,
Osula,27,,27,5,8,67,3.0,,,FWD,5.5,27,0.0%,
Merino,19,,20,25,21,85,3.5,,,MID,6.0,19,0.0%,
Onana,39,,43,42,50,174,8.7,,,MID,5.0,39,0.0%,
Roberts,25,,27,27,24,103,4.7,,,MID,5.5,25,0.0%,
Hoever,57,,43,45,42,187,11.7,,,DEF,4.0,57,0.0%,
Bruun Larsen,27,,22,23,26,98,4.5,,,MID,5.5,27,0.0%,
Gusto,26,,32,32,34,124,6.2,,,DEF,5.0,26,0.0%,
Hickey,28,,35,42,48,153,9.6,,,DEF,4.0,28,0.0%,
Hughes,52,,42,38,35,167,8.3,,,MID,5.0,52,0.0%,
Ramazani,24,,25,21,21,91,4.5,,,MID,5.0,24,0.0%,
Savinho,0,,0,10,19,29,1.0,,,MID,7.0,0,0.1%,
Seelt,13,,17,9,6,45,2.8,,,DEF,4.0,13,0.0%,
Jota,8,,9,13,12,42,1.9,,,MID,5.5,8,0.0%,
Milambo,24,,24,21,33,102,4.6,,,MID,5.5,24,0.0%,
O'Riley,50,,43,34,35,162,7.4,,,MID,5.5,50,0.0%,
Akanji,44,,39,30,25,138,6.3,,,DEF,5.5,44,0.0%,
P.M.Sarr,60,,60,56,56,232,11.6,,,MID,5.0,60,0.2%,
Gruda,26,,27,33,31,117,5.3,,,MID,5.5,26,0.0%,
Mount,18,,13,19,20,70,2.9,,,MID,6.0,18,0.0%,
Elliott,17,,20,22,23,82,3.7,,,MID,5.5,17,0.0%,
Patterson,22,,24,23,25,94,5.2,,,DEF,4.5,29,0.0%,
Boscagli,18,,27,25,27,97,5.4,,,DEF,4.5,18,0.0%,
Mings,20,,30,34,37,121,6.7,,,DEF,4.5,20,0.0%,
Trippier,36,,27,29,31,123,6.2,,,DEF,5.0,36,0.0%,
G.Rodriguez,17,,21,25,23,86,4.3,,,MID,5.0,17,0.0%,
N.Gonzalez,45,,35,23,13,116,4.8,,,MID,6.0,45,0.0%,
Delap,14,,12,20,16,62,2.4,,,FWD,6.5,14,0.0%,
Harrison,19,,23,25,28,95,4.3,,,MID,5.5,19,0.0%,
R.Gomes,16,,16,18,21,71,3.9,,,DEF,4.5,16,0.0%,
Isidor,19,,21,17,20,77,3.5,,,FWD,5.5,19,0.0%,
Hato,22,,25,29,28,104,5.2,,,DEF,5.0,22,0.0%,
Álvarez,3,,6,8,12,29,1.4,,,MID,5.0,3,0.0%,
Botman,18,,15,22,21,76,3.8,,,DEF,5.0,18,0.0%,
Casemiro,35,,36,36,34,141,6.4,,,MID,5.5,35,0.0%,
Christie,23,,47,60,56,186,9.3,,,MID,5.0,56,0.0%,
Castagne,28,,31,28,34,121,6.7,,,DEF,4.5,28,0.0%,
Bradley,10,,22,25,26,83,4.2,,,DEF,5.0,23,0.0%,
Marc Guiu,12,,24,31,27,94,5.2,,,FWD,4.5,12,88.2%,
J.Araujo,33,,34,34,32,133,8.3,,,DEF,4.0,33,0.0%,
Esse,20,,14,21,20,75,3.8,,,MID,5.0,20,0.0%,
Shaw,52,,44,46,44,186,10.3,,,DEF,4.5,52,0.0%,
Chiesa,5,,7,9,10,31,1.2,,,MID,6.5,5,0.0%,
Robertson,24,,24,24,27,99,4.1,,,DEF,6.0,24,0.0%,
Koleosho,18,,17,16,18,69,3.5,,,MID,5.0,18,0.0%,
S.Bueno,39,,41,40,39,159,8.8,,,DEF,4.5,39,0.0%,
Madueke,20,,27,32,29,108,3.9,,,MID,7.0,20,0.2%,
Gomez,23,,28,33,29,113,5.7,,,MID,5.0,23,0.0%,
Morato,12,,18,25,36,91,5.1,,,DEF,4.5,12,0.0%,
Struijk,15,,15,17,25,72,4.0,,,DEF,4.5,15,0.0%,
Wieffer,52,,53,50,53,208,10.4,,,MID,5.0,52,0.0%,
Fer López,36,,35,34,37,142,6.5,,,MID,5.5,36,0.0%,
L.Miley,6,,10,14,12,42,2.3,,,MID,4.5,6,0.0%,
Brooks,53,,31,34,33,151,7.5,,,MID,5.0,53,0.0%,
Aké,33,,25,22,26,106,4.8,,,DEF,5.5,33,0.0%,
Danso,18,,23,24,27,92,5.1,,,DEF,4.5,18,0.0%,
Igor Jesus,28,,34,31,34,127,5.3,,,FWD,6.0,28,0.0%,
H.Traorè,22,,7,8,7,44,2.4,,,MID,4.5,22,0.0%,
Sinisterra,0,,0,0,0,0,0.0,,,MID,5.0,0,0.0%,
Awoniyi,18,,16,17,20,71,3.2,,,FWD,5.5,18,0.0%,
Lamptey,6,,8,6,6,26,1.4,,,DEF,4.5,6,0.0%,
Bornauw,19,,11,16,20,66,4.1,,,DEF,4.0,25,0.0%,
Devenny,14,,11,17,17,59,3.3,,,MID,4.5,14,0.1%,
Zirkzee,6,,9,7,11,33,1.4,,,FWD,6.0,6,0.0%,
Rigg,10,,11,13,18,52,2.6,,,MID,5.0,10,0.0%,
Gomez,13,,19,20,21,73,3.6,,,DEF,5.0,17,0.0%,
Stones,24,,19,19,17,79,3.6,,,DEF,5.5,24,0.0%,
Ekdal,86,,79,69,68,302,18.9,,,DEF,4.0,86,0.0%,
Clyne,11,,18,18,20,67,4.2,,,DEF,4.0,11,0.0%,
Veltman,21,,21,28,24,94,5.2,,,DEF,4.5,21,0.0%,
Calafiori,26,,29,29,35,119,5.4,,,DEF,5.5,26,0.0%,
Hee Chan,5,,10,17,18,50,2.1,,,MID,6.0,5,0.0%,
M.Bizot,1,,2,2,1,6,0.3,,,GK,4.5,1,0.2%,
Sosa,20,,20,20,21,81,4.0,,,DEF,5.0,20,0.0%,
Khusanov,28,,21,22,26,97,4.4,,,DEF,5.5,28,0.0%,
Nwaneri,6,,7,7,8,28,1.3,,,MID,5.5,6,0.0%,
Ekwah,0,,0,0,0,0,0.0,,,MID,4.5,0,0.0%,
Scarles,14,,16,12,15,57,3.2,,,DEF,4.5,14,0.0%,
Cairney,5,,8,9,9,31,1.6,,,MID,5.0,5,0.0%,
Aznou,22,,9,13,13,57,3.2,,,DEF,4.5,22,0.0%,
A.Ramsey,7,,11,12,18,48,2.7,,,MID,4.5,7,0.0%,
Foster,14,,8,11,10,43,2.1,,,FWD,5.0,14,0.0%,
King,43,,32,34,28,137,7.6,,,MID,4.5,43,0.4%,
Summerville,0,,0,21,36,57,2.6,,,MID,5.5,0,0.0%,
Kiwior,8,,8,9,14,39,1.8,,,DEF,5.5,8,0.0%,
Philip,18,,4,3,4,29,1.4,,,MID,5.0,18,0.0%,
Bailey,18,,19,18,21,76,3.5,,,MID,5.5,18,0.0%,
Laurent,17,,17,22,24,80,4.0,,,MID,5.0,17,0.0%,
Lavia,0,,6,15,20,41,2.0,,,MID,5.0,0,0.0%,
Kroupi.Jr,18,,18,13,20,69,3.8,,,FWD,4.5,18,3.6%,
Igor,7,,7,10,10,34,1.9,,,DEF,4.5,7,0.0%,
Humphreys,0,,0,9,14,23,1.4,,,DEF,4.0,0,0.0%,
Pinnock,9,,11,13,20,53,2.9,,,DEF,4.5,9,0.0%,
Grealish,64,,69,68,61,262,10.1,,,MID,6.5,64,0.0%,
Byram,16,,13,18,22,69,4.3,,,DEF,4.0,16,0.0%,
O'Nien,0,,0,23,50,73,4.6,,,DEF,4.0,0,0.0%,
Nørgaard,11,,15,13,17,56,2.5,,,MID,5.5,11,0.0%,
Neil,19,,21,24,23,87,4.3,,,MID,5.0,19,0.0%,
Diop,15,,12,14,11,52,2.9,,,DEF,4.5,15,0.0%,
Bissouma,18,,19,23,22,82,3.7,,,MID,5.5,18,0.0%,
Endo,2,,4,6,5,17,0.8,,,MID,5.0,2,0.0%,
Gray,12,,14,17,19,62,3.1,,,MID,5.0,12,0.0%,
Tzimas,8,,9,11,12,40,1.8,,,FWD,5.5,8,0.0%,
Gruev,10,,13,14,17,54,2.7,,,MID,5.0,10,0.0%,
Barkley,4,,13,12,16,45,2.3,,,MID,5.0,9,0.0%,
Obi,3,,3,3,3,12,0.7,,,FWD,4.5,3,0.0%,
Tchaouna,4,,4,8,8,24,1.2,,,MID,5.0,4,0.0%,
Nkunku,0,,3,6,4,13,0.5,,,MID,6.0,0,0.0%,
Mepham,2,,5,6,10,23,1.4,,,DEF,4.0,2,0.0%,
Bayindir,0,,0,1,3,4,0.2,,,GK,5.0,0,0.0%,
Édouard,3,,4,5,6,18,0.9,,,FWD,5.0,3,0.0%,
Ajer,8,,14,10,12,44,2.4,,,DEF,4.5,8,0.0%,
Benson,5,,8,5,4,22,1.0,,,MID,5.5,5,0.0%,
Iroegbunam,6,,6,8,9,29,1.4,,,MID,5.0,6,0.0%,
Buonanotte,6,,5,9,8,28,1.4,,,MID,5.0,6,0.0%,
Lucas Pires,23,,22,23,19,87,5.4,,,DEF,4.0,23,0.0%,
Bobb,9,,9,9,11,38,1.7,,,MID,5.5,9,0.0%,
Josh Bowler,1,,2,1,2,6,0.0,,,FWD,99.9,1,0.0%,
Heaven,4,,6,5,6,21,1.3,,,DEF,4.0,4,0.0%,
Janelt,0,,11,20,21,52,2.6,,,MID,5.0,0,0.0%,
March,0,,0,0,0,0,0.0,,,MID,6.0,0,0.0%,
Da Silva Moreira,1,,1,2,2,6,0.3,,,MID,4.5,1,0.0%,
Willock,0,,0,9,19,28,1.4,,,MID,5.0,0,0.0%,
Nunes,0,,0,1,2,3,0.1,,,MID,5.0,0,0.0%,
Ramsdale,7,,10,11,19,47,2.4,,,GK,5.0,7,0.0%,
Poveda,3,,3,5,5,16,0.8,,,MID,5.0,3,0.0%,
D.Essugo,8,,7,10,10,35,1.9,,,MID,4.5,8,0.0%,
Huggins,0,,0,0,0,0,0.0,,,DEF,4.0,0,0.0%,
Roerslev,7,,5,6,7,25,1.4,,,DEF,4.5,7,0.0%,
Tsimikas,5,,5,5,6,21,1.1,,,DEF,5.0,5,0.0%,
Emerson,0,,0,1,0,1,0.1,,,DEF,4.5,0,0.0%,
Mundle,0,,0,0,0,0,0.0,,,MID,5.0,0,0.0%,
Fábio Silva,0,,0,0,0,0,0.0,,,FWD,5.0,0,0.0%,
Kalajdžić,5,,7,9,11,32,1.6,,,FWD,5.0,5,0.0%,
Keane,64,,41,20,16,141,7.8,,,DEF,4.5,64,0.0%,
A.García,1,,4,7,7,19,1.2,,,DEF,4.0,2,0.0%,
Watson,4,,6,6,5,21,1.1,,,MID,5.0,4,0.0%,
Stamenic,2,,1,3,3,9,0.5,,,MID,4.5,2,0.0%,
Bogarde,10,,11,15,14,50,3.1,,,DEF,4.0,10,0.0%,
McAtee,45,,53,52,54,204,9.3,,,MID,5.5,45,0.0%,
M.França,6,,12,21,21,60,3.3,,,MID,4.5,14,0.0%,
Y.Chermiti,0,,1,3,4,8,0.4,,,FWD,5.0,0,0.0%,
Bryan,0,,0,1,3,4,0.2,,,MID,5.0,0,0.0%,
Pembele,3,,6,6,4,19,1.2,,,DEF,4.0,3,0.0%,
Cornet,1,,2,0,2,5,0.3,,,MID,5.0,1,0.0%,
O.Richards,2,,4,5,5,16,0.9,,,DEF,4.5,2,0.0%,
Benitez,3,,4,6,4,17,1.1,,,GK,4.0,3,0.0%,
Solomon,0,,2,4,3,9,0.4,,,MID,5.5,0,0.0%,
Roberts,6,,8,10,8,32,1.8,,,DEF,4.5,6,0.0%,
Max Dowman,8,,6,7,8,29,0.1,,,MID,99.9,8,0.0%,
Mosquera,6,,7,10,11,34,1.5,,,DEF,5.5,6,0.0%,
Andrey Santos,11,,9,9,10,39,2.2,,,MID,4.5,11,0.0%,
Kovačić,0,,0,11,24,35,1.5,,,MID,6.0,0,0.0%,
Soler,6,,5,8,7,26,1.6,,,DEF,4.0,6,0.0%,
Hill,12,,17,18,20,67,4.2,,,DEF,4.0,12,0.0%,
Bamford,0,,0,0,1,1,0.1,,,FWD,5.0,0,0.0%,
Zinchenko,1,,1,5,4,11,0.6,,,DEF,5.0,1,0.0%,
Hayden,0,,0,0,0,0,0.0,,,MID,4.5,0,0.0%,
H.Bueno,6,,8,9,7,30,1.7,,,DEF,4.5,6,0.0%,
Raheem Sterling,3,,3,4,2,12,0.0,,,FWD,99.9,3,0.0%,
Krafth,3,,1,2,3,9,0.5,,,DEF,4.5,3,0.0%,
Davies,10,,8,7,9,34,1.9,,,DEF,4.5,10,0.0%,
Mamardashvili,1,,6,8,6,21,1.2,,,GK,4.5,1,0.0%,
George,2,,3,2,3,10,0.5,,,MID,5.0,2,0.0%,
Sima,1,,2,1,2,6,0.3,,,MID,5.5,1,0.0%,
Martinez,0,,0,2,35,37,1.9,,,DEF,5.0,0,0.0%,
Hjelde,0,,0,1,3,4,0.3,,,DEF,4.0,0,0.0%,
Pedro Lima,4,,2,1,3,10,0.6,,,DEF,4.0,4,0.0%,
Jordan,4,,6,12,16,38,2.4,,,DEF,4.0,4,0.0%,
Barnes,0,,0,0,0,0,0.0,,,FWD,4.5,0,0.2%,
Coleman,6,,2,3,5,16,0.9,,,DEF,4.5,6,0.0%,
Alex Moreno,3,,5,3,4,15,0.9,,,DEF,4.0,3,0.0%,
Browne,4,,5,5,9,23,1.3,,,MID,4.5,4,0.0%,
Trafford,3,,7,6,5,21,1.1,,,GK,5.0,3,0.0%,
Carney Chukwuemeka,3,,4,2,2,11,0.0,,,MID,99.9,3,0.0%,
Neto,0,,0,0,0,0,0.0,,,GK,4.5,0,0.0%,
Gelhardt,0,,0,0,0,0,0.0,,,MID,4.5,0,0.0%,
Jörgensen,2,,3,4,1,10,0.6,,,GK,4.5,2,0.0%,
Acheampong,3,,2,3,3,11,0.7,,,DEF,4.0,3,0.0%,
Kuol,0,,1,0,0,1,0.1,,,MID,4.5,0,0.0%,
Holding,0,,0,0,0,0,0.0,,,DEF,4.0,0,0.0%,
Weiss,23,,3,4,4,34,1.9,,,GK,4.5,23,0.0%,
Collyer,0,,0,1,1,2,0.1,,,MID,4.5,0,0.0%,
Triantis,0,,0,0,0,0,0.0,,,MID,4.5,0,0.0%,
B.Badiashile,0,,0,2,10,12,0.7,,,DEF,4.5,0,0.0%,
J.Rak-Sakyi,0,,0,1,1,2,0.1,,,MID,4.5,0,0.0%,
Peart-Harris,8,,2,1,1,12,0.7,,,MID,4.5,8,0.0%,
Greenwood,0,,1,2,2,5,0.3,,,MID,5.0,0,0.0%,
Reed,0,,0,1,1,2,0.1,,,MID,4.5,0,0.0%,
Bajcetic,0,,0,2,4,6,0.3,,,MID,4.5,0,0.0%,
Schmidt,6,,3,3,4,16,1.0,,,DEF,4.0,6,0.0%,
O’Reilly,3,,3,3,4,13,0.7,,,DEF,5.0,3,0.0%,
Faivre,4,,2,3,2,11,0.6,,,MID,4.5,4,0.0%,
Kostoulas,2,,1,3,4,10,0.5,,,FWD,5.0,2,0.0%,
J.Cuenca,35,,17,8,7,67,3.7,,,DEF,4.5,35,0.0%,
Kinsky,0,,1,2,4,7,0.4,,,GK,4.0,0,0.0%,
Ahamada,1,,1,2,2,6,0.3,,,MID,4.5,1,0.0%,
Arrizabalaga,2,,3,3,7,15,0.8,,,GK,4.5,2,0.0%,
Alese,0,,0,0,1,1,0.1,,,DEF,4.0,0,0.0%,
Marshall,3,,2,3,2,10,0.6,,,FWD,4.5,3,0.1%,
Jair Cunha,3,,6,6,9,24,1.3,,,DEF,4.5,3,0.0%,
Potts,59,,45,39,36,179,9.9,,,MID,4.5,59,0.1%,
Irving,2,,2,4,3,11,0.6,,,MID,4.5,2,0.0%,
David Datro Fofana,0,,0,1,2,3,0.0,,,FWD,99.9,0,0.0%,
Patterson,2,,3,1,4,10,0.6,,,GK,4.5,2,0.0%,
M.Sarr,0,,0,0,0,0,0.0,,,DEF,4.5,0,0.0%,
Steele,0,,1,2,4,7,0.4,,,GK,4.5,0,0.0%,
Johnstone,1,,0,3,2,6,0.3,,,GK,4.5,1,0.0%,
Darlow,0,,1,3,4,8,0.5,,,GK,4.0,0,0.0%,
Axel Disasi,2,,2,2,2,8,0.0,,,DEF,99.9,2,0.0%,
Lecomte,1,,2,4,4,11,0.7,,,GK,4.0,1,0.0%,
Travers,1,,2,0,2,5,0.3,,,GK,4.5,1,0.0%,
Valdimarsson,19,,3,3,1,26,1.6,,,GK,4.0,19,0.4%,
Godo,0,,0,1,0,1,0.1,,,MID,4.5,0,0.0%,
Malacia,1,,0,1,1,3,0.2,,,DEF,4.0,1,0.0%,
N.Aguerd,82,,77,71,74,304,16.9,,,DEF,4.5,82,0.0%,
Foderingham,0,,0,0,0,0,0.0,,,GK,4.0,0,0.0%,
Ji-soo,0,,1,2,2,5,0.3,,,DEF,4.0,0,0.0%,
Delcroix,4,,6,2,2,14,0.9,,,DEF,4.0,4,0.0%,
Nelson,0,,0,0,1,1,0.1,,,MID,5.0,0,0.0%,
Amass,0,,1,1,1,3,0.2,,,DEF,4.0,0,0.0%,
Armstrong,0,,1,1,2,4,0.2,,,MID,4.5,0,0.0%,
Maghoma,0,,1,0,0,1,0.1,,,MID,4.5,0,0.0%,
Obafemi,2,,0,0,0,2,0.1,,,FWD,4.5,2,0.1%,
Neave,0,,0,0,0,0,0.0,,,FWD,4.5,0,0.0%,
Renato Veiga,1,,1,1,2,5,0.0,,,DEF,99.9,1,0.0%,
Scarlett,0,,0,1,0,1,0.1,,,FWD,4.5,0,0.0%,
Sarmiento,0,,1,2,1,4,0.2,,,MID,5.0,0,0.0%,
C.Miguel,0,,0,0,2,2,0.1,,,GK,4.0,0,0.0%,
Boly,0,,0,2,2,4,0.3,,,DEF,4.0,0,0.0%,
Winterburn,2,,0,0,0,2,0.1,,,MID,4.5,2,0.0%,
Pond,0,,0,0,0,0,0.0,,,DEF,4.0,0,0.0%,
Abbott,0,,0,0,2,2,0.1,,,DEF,4.0,0,0.0%,
Konak,0,,0,0,1,1,0.1,,,MID,4.5,0,0.0%,
Gunn,0,,1,1,2,4,0.3,,,GK,4.0,0,0.0%,
R.Williams,1,,0,0,1,2,0.1,,,DEF,4.0,1,0.0%,
Kone,0,,0,0,0,0,0.0,,,MID,4.5,0,0.0%,
Moore,0,,0,0,0,0,0.0,,,GK,4.0,0,0.0%,
Fábio Vieira,0,,0,0,0,0,0.0,,,MID,5.5,0,0.0%,
Targett,0,,0,0,0,0,0.0,,,DEF,4.0,0,0.0%,
Ben Chilwell,0,,0,1,0,1,0.0,,,DEF,99.9,0,0.0%,
Sambi,0,,0,0,0,0,0.0,,,MID,4.5,0,0.0%,
Edozie,0,,0,0,0,0,0.0,,,MID,4.5,0,0.0%,
Anderson,0,,0,0,0,0,0.0,,,DEF,4.0,0,0.0%,
Woodman,0,,0,0,0,0,0.0,,,GK,4.0,0,0.0%,
Akinmboni,0,,1,2,1,4,0.3,,,DEF,4.0,0,0.0%,
Lascelles,0,,0,0,0,0,0.0,,,DEF,4.5,0,0.0%,
Hladký,3,,0,0,1,4,0.3,,,GK,4.0,3,0.0%,
Fredricson,0,,0,0,0,0,0.0,,,DEF,4.0,0,0.0%,
Worrall,2,,7,3,3,15,0.9,,,DEF,4.0,2,0.0%,
Hein,0,,0,0,0,0,0.0,,,GK,4.0,0,0.0%,
Setford,0,,0,0,0,0,0.0,,,GK,4.0,0,0.0%,
Clarke,0,,0,0,0,0,0.0,,,DEF,4.0,0,0.0%,
Kacurri,0,,0,0,0,0,0.0,,,DEF,4.0,0,0.0%,
Nichols,0,,0,0,0,0,0.0,,,DEF,4.0,0,0.0%,
Kabia,0,,0,0,0,0,0.0,,,MID,4.5,0,0.0%,
G.Jesus,0,,0,0,0,0,0.0,,,FWD,6.5,0,0.0%,
Gauci,0,,0,0,0,0,0.0,,,GK,4.0,0,0.0%,
Marschall,0,,0,0,0,0,0.0,,,GK,4.0,0,0.0%,
Sousa,0,,0,0,0,0,0.0,,,DEF,4.0,0,0.0%,
Yasin,0,,0,0,0,0,0.0,,,DEF,4.0,0,0.0%,
Buendía,1,,1,1,1,4,0.2,,,MID,5.5,1,0.0%,
Iling Jr,1,,1,2,3,7,0.3,,,MID,5.5,1,0.0%,
Barrenechea,0,,0,0,0,0,0.0,,,MID,5.0,0,0.0%,
Dobbin,0,,0,0,0,0,0.0,,,MID,5.0,0,0.0%,
Broggio,0,,0,0,0,0,0.0,,,MID,4.5,0,0.0%,
Dendoncker,0,,0,0,0,0,0.0,,,MID,4.5,0,0.0%,
Jimoh-Aloba,0,,0,1,1,2,0.1,,,MID,4.5,0,0.0%,
Young,0,,0,0,0,0,0.0,,,MID,4.5,0,0.0%,
Redmond,0,,0,0,0,0,0.0,,,FWD,4.5,0,0.0%,
Dennis,0,,4,2,3,9,0.6,,,GK,4.0,0,0.0%,
McKenna,0,,0,0,0,0,0.0,,,GK,4.0,0,0.0%,
Paulsen,0,,0,0,0,0,0.0,,,GK,4.0,0,0.0%,
Bevan,0,,0,0,1,1,0.1,,,DEF,4.0,0,0.0%,
Sadi,0,,0,0,0,0,0.0,,,MID,4.5,0,0.0%,
Silcott-Duberry,0,,0,0,0,0,0.0,,,MID,4.5,0,0.0%,
Enes Ünal,0,,0,0,0,0,0.0,,,FWD,5.5,0,0.0%,
Adu-Adjei,0,,0,0,0,0,0.0,,,FWD,4.5,0,0.1%,
Balcombe,0,,0,0,0,0,0.0,,,GK,4.0,0,0.0%,
Cox,3,,0,0,0,3,0.2,,,GK,4.0,3,0.0%,
Eyestone,0,,0,0,0,0,0.0,,,GK,4.0,0,0.0%,
Arthur,0,,0,0,0,0,0.0,,,DEF,4.0,0,0.0%,
Fredrick,0,,0,0,0,0,0.0,,,DEF,4.0,0,0.0%,
Meghoma,0,,0,0,0,0,0.0,,,DEF,4.0,0,0.0%,
Onyeka,0,,0,0,0,0,0.0,,,MID,5.0,0,0.0%,
Donovan,0,,0,0,0,0,0.0,,,MID,4.5,0,0.0%,
Trevitt,0,,0,0,0,0,0.0,,,MID,4.5,0,0.0%,
Morgan,0,,0,0,0,0,0.0,,,FWD,4.5,0,0.0%,
McGill,0,,0,0,0,0,0.0,,,GK,4.0,0,0.0%,
Rushworth,0,,0,0,0,0,0.0,,,GK,4.0,0,0.0%,
Scherpen,0,,0,0,0,0,0.0,,,GK,4.0,0,0.0%,
Estupiñan,0,,0,0,0,0,0.0,,,DEF,4.5,0,0.0%,
Webster,0,,0,0,0,0,0.0,,,DEF,4.5,0,0.0%,
Cashin,0,,0,0,0,0,0.0,,,DEF,4.0,0,0.0%,
Slater,0,,0,0,0,0,0.0,,,DEF,4.0,0,0.0%,
Tasker,0,,0,0,0,0,0.0,,,DEF,4.0,0,0.0%,
Enciso,0,,0,0,0,0,0.0,,,MID,5.5,0,0.0%,
Milner,0,,0,0,0,0,0.0,,,MID,5.0,0,0.0%,
Yalcouye,0,,0,0,0,0,0.0,,,MID,5.0,0,0.0%,
Knight,0,,0,0,0,0,0.0,,,MID,4.5,0,0.0%,
Mazilu,0,,0,0,0,0,0.0,,,MID,4.5,0,0.0%,
Moran,0,,0,0,0,0,0.0,,,MID,4.5,0,0.0%,
Ferguson,0,,0,0,0,0,0.0,,,FWD,5.5,0,0.0%,
Green,0,,0,0,0,0,0.0,,,GK,4.0,0,0.0%,
Dodgson,0,,0,0,0,0,0.0,,,DEF,4.0,0,0.0%,
Sambo,0,,0,0,0,0,0.0,,,DEF,4.0,0,0.0%,
Sonne,20,,21,20,24,85,5.3,,,DEF,4.0,20,0.0%,
Boateng,0,,0,0,0,0,0.0,,,MID,5.0,0,0.0%,
Churlinov,0,,0,0,0,0,0.0,,,MID,5.0,0,0.0%,
Adewumi,0,,0,0,0,0,0.0,,,MID,4.5,0,0.0%,
Banel,0,,0,0,0,0,0.0,,,MID,4.5,0,0.0%,
Trésor,0,,0,0,0,0,0.0,,,MID,4.5,0,0.0%,
Penders,0,,0,0,0,0,0.0,,,GK,4.0,0,0.0%,
Slonina,0,,0,0,0,0,0.0,,,GK,4.0,0,0.0%,
Colwill,0,,0,0,0,0,0.0,,,DEF,5.0,0,0.0%,
Anselmino,0,,0,0,0,0,0.0,,,DEF,4.0,0,0.0%,
Mudryk,0,,0,0,0,0,0.0,,,MID,5.0,0,0.0%,
Paez,0,,0,0,0,0,0.0,,,MID,4.5,0,0.0%,
Matthews,0,,0,0,0,0,0.0,,,GK,4.0,0,0.0%,
Chadi Riad,0,,0,0,0,0,0.0,,,DEF,4.0,0,0.0%,
Kporha,0,,0,0,0,0,0.0,,,DEF,4.0,0,0.0%,
Doucouré,0,,0,0,0,0,0.0,,,MID,5.0,0,0.0%,
Agbinone,0,,0,0,0,0,0.0,,,MID,4.5,0,0.0%,
Ebiowei,0,,0,0,0,0,0.0,,,MID,4.5,0,0.0%,
Ozoh,0,,0,0,0,0,0.0,,,MID,4.5,0,0.0%,
Rodney,0,,0,0,0,0,0.0,,,MID,4.5,0,0.0%,
Umeh,0,,0,0,0,0,0.0,,,MID,4.5,0,0.0%,
Nketiah,0,,0,0,0,0,0.0,,,FWD,5.5,0,0.0%,
Marsh,0,,0,0,0,0,0.0,,,FWD,4.5,0,0.0%,
Tyrer,0,,0,0,0,0,0.0,,,GK,4.0,0,0.0%,
Dixon,0,,0,0,0,0,0.0,,,DEF,4.0,0,0.0%,
Welch,0,,0,0,0,0,0.0,,,DEF,4.0,0,0.0%,
Bates,0,,0,0,0,0,0.0,,,MID,4.5,0,0.0%,
Ebere,0,,0,0,0,0,0.0,,,MID,4.5,0,0.0%,
Heath,0,,0,0,0,0,0.0,,,MID,4.5,0,0.0%,
Metcalfe,0,,0,0,0,0,0.0,,,MID,4.5,0,0.0%,
Sherif,0,,0,0,0,0,0.0,,,FWD,4.5,0,0.0%,
Benda,0,,0,0,0,0,0.0,,,GK,4.0,0,0.0%,
Amissah,0,,0,0,0,0,0.0,,,DEF,4.0,0,0.0%,
Harris,0,,0,0,0,0,0.0,,,MID,4.5,0,0.0%,
Meslier,0,,0,0,0,0,0.0,,,GK,4.5,0,0.0%,
Cairns,0,,0,0,0,0,0.0,,,GK,4.0,0,0.0%,
Crew,0,,0,0,0,0,0.0,,,MID,4.5,0,0.0%,
Gyabi,0,,0,0,0,0,0.0,,,MID,4.5,0,0.0%,
Mateo Joseph,0,,0,0,0,0,0.0,,,FWD,5.0,0,0.0%,
Pécsi,0,,0,0,0,0,0.0,,,GK,4.0,0,0.0%,
Nallo,0,,0,0,0,0,0.0,,,DEF,4.0,0,0.0%,
Ramsay,0,,0,0,0,0,0.0,,,DEF,4.0,0,0.0%,
Luis Díaz,0,,0,0,0,0,0.0,,,MID,8.0,0,0.0%,
Doak,0,,0,0,0,0,0.0,,,MID,5.0,0,0.0%,
McConnell,0,,0,0,0,0,0.0,,,MID,4.5,0,0.0%,
Morton,0,,0,0,0,0,0.0,,,MID,4.5,0,0.0%,
Nyoni,0,,0,0,0,0,0.0,,,MID,4.5,0,0.0%,
Darwin,0,,0,0,0,0,0.0,,,FWD,6.5,0,0.0%,
Danns,0,,0,0,0,0,0.0,,,FWD,4.5,0,0.0%,
Ortega Moreno,0,,0,0,0,0,0.0,,,GK,5.0,0,0.0%,
Bettinelli,0,,0,0,0,0,0.0,,,GK,4.0,0,0.0%,
Vitor Reis,0,,0,0,0,0,0.0,,,DEF,5.0,0,0.0%,
Echeverri,0,,0,0,0,0,0.0,,,MID,5.5,0,0.0%,
Nypan,0,,0,0,0,0,0.0,,,MID,5.0,0,0.0%,
Phillips,0,,0,0,0,0,0.0,,,MID,5.0,0,0.0%,
Harrison,0,,0,0,0,0,0.0,,,GK,4.0,0,0.0%,
Heaton,0,,0,0,0,0,0.0,,,GK,4.0,0,0.0%,
Mee,0,,0,0,0,0,0.0,,,GK,4.0,0,0.0%,
D.Leon,0,,0,0,0,0,0.0,,,DEF,4.5,0,0.0%,
Rashford,0,,0,0,0,0,0.0,,,MID,7.0,0,0.2%,
Garnacho,0,,0,0,0,0,0.0,,,MID,6.5,0,0.0%,
Antony,0,,0,0,0,0,0.0,,,MID,6.0,0,0.0%,
Sancho,0,,0,0,0,0,0.0,,,MID,6.0,0,0.0%,
Fitzgerald,0,,0,0,0,0,0.0,,,MID,4.5,0,0.0%,
J.Fletcher,0,,0,0,0,0,0.0,,,MID,4.5,0,0.0%,
Moorhouse,0,,0,0,0,0,0.0,,,MID,4.5,0,0.0%,
Wheatley,0,,0,0,0,0,0.0,,,FWD,4.5,0,0.2%,
Gillespie,0,,0,0,0,0,0.0,,,GK,4.0,0,0.0%,
Odysseas,0,,0,0,0,0,0.0,,,GK,4.0,0,0.0%,
A.Murphy,0,,0,0,0,0,0.0,,,DEF,4.0,0,0.0%,
Ashby,0,,0,0,0,0,0.0,,,DEF,4.0,0,0.0%,
Pivas,0,,0,0,0,0,0.0,,,DEF,4.0,0,0.0%,
Antoñito C.,0,,0,0,0,0,0.0,,,MID,5.0,0,0.0%,
White,0,,0,0,0,0,0.0,,,MID,4.5,0,0.0%,
Turner,0,,0,0,0,0,0.0,,,GK,4.0,0,0.0%,
David Carmo,0,,0,0,0,0,0.0,,,DEF,4.5,0,0.0%,
Dominguez,0,,0,0,0,0,0.0,,,MID,5.0,0,0.0%,
O'Brien,0,,0,0,0,0,0.0,,,MID,5.0,0,0.0%,
Moore,0,,0,0,0,0,0.0,,,MID,5.0,0,0.0%,
Nna Noukeu,0,,0,0,0,0,0.0,,,GK,4.0,0,0.0%,
Cirkin,0,,0,2,5,7,0.4,,,DEF,4.0,0,0.0%,
Johnson,0,,0,0,0,0,0.0,,,DEF,4.0,0,0.0%,
Aleksić,0,,0,0,0,0,0.0,,,MID,5.0,0,0.0%,
Ba,0,,0,0,0,0,0.0,,,MID,4.5,0,0.0%,
H.Jones,0,,0,0,0,0,0.0,,,MID,4.5,0,0.0%,
Matete,0,,0,0,0,0,0.0,,,MID,4.5,0,0.0%,
Abdullahi,0,,0,0,0,0,0.0,,,FWD,4.5,0,0.1%,
Luís Hemir,0,,0,0,0,0,0.0,,,FWD,4.5,0,0.2%,
Rusyn,0,,0,0,0,0,0.0,,,FWD,4.5,0,0.5%,
Austin,0,,0,0,0,0,0.0,,,GK,4.0,0,0.0%,
Dragusin,0,,0,0,0,0,0.0,,,DEF,4.5,0,0.0%,
Phillips,0,,0,0,0,0,0.0,,,DEF,4.0,0,0.0%,
Takai,0,,0,0,0,0,0.0,,,DEF,4.0,0,0.0%,
Vuskovic,0,,0,0,0,0,0.0,,,DEF,4.0,0,0.0%,
Son,0,,0,0,0,0,0.0,,,MID,8.5,0,0.0%,
Maddison,0,,0,0,0,0,0.0,,,MID,7.0,0,0.0%,
Kulusevski,0,,0,0,0,0,0.0,,,MID,6.5,0,0.0%,
Min-hyeok,0,,0,0,0,0,0.0,,,MID,4.5,0,0.0%,
Olusesi,0,,0,0,0,0,0.0,,,MID,4.5,0,0.0%,
Lankshear,0,,0,0,0,0,0.0,,,FWD,4.5,0,0.0%,
Hegyi,0,,0,0,0,0,0.0,,,GK,4.0,0,0.0%,
Casey,0,,0,0,0,0,0.0,,,DEF,4.0,0,0.0%,
Earthy,0,,0,0,0,0,0.0,,,MID,4.5,0,0.0%,
Orford,0,,0,0,0,0,0.0,,,MID,4.5,0,0.0%,
Bentley,0,,0,0,0,0,0.0,,,GK,4.0,0,0.0%,
King,0,,0,0,0,0,0.0,,,GK,4.0,0,0.0%,
Meupiyou,0,,0,0,0,0,0.0,,,DEF,4.0,0,0.0%,
Guedes,0,,0,0,0,0,0.0,,,MID,5.5,0,0.0%,
B.Traore,0,,0,0,0,0,0.0,,,MID,5.0,0,0.0%,
Chirewa,0,,0,0,0,0,0.0,,,MID,4.5,0,0.0%,
Gonzalez,0,,0,0,0,0,0.0,,,MID,4.5,0,0.0%,
Hodge,0,,0,0,0,0,0.0,,,MID,4.5,0,0.0%,
Chiwome,0,,0,0,0,0,0.0,,,FWD,4.5,0,0.0%,
Fraser,0,,0,0,0,0,0.0,,,FWD,4.5,0,0.0%,
Josh Wilson-Esbrand,0,,0,0,0,0,0.0,,,DEF,99.9,0,0.0%,
Issa Kaboré,0,,0,0,0,0,0.0,,,DEF,99.9,0,0.0%,
Alfie Gilchrist,0,,0,0,0,0,0.0,,,DEF,99.9,0,0.0%,
Emmanuel Dennis,0,,0,0,0,0,0.0,,,FWD,99.9,0,0.0%,
Hindolo Mustapha,0,,0,0,0,0,0.0,,,MID,99.9,0,0.0%,
Callum Doyle,0,,0,0,0,0,0.0,,,DEF,99.9,0,0.0%,
Diakité,90,,87,87,79,343,19.1,,,DEF,4.5,90,0.0%,
Šeško,60,,69,72,67,268,8.9,,,FWD,7.5,60,0.0%,
Hermansen,89,,87,85,86,347,19.3,,,GK,4.5,89,0.1%,
Alderete,79,,82,71,54,286,17.9,,,DEF,4.0,79,0.0%,
Dominic Calvert-Lewin,33,,41,51,52,177,0.4,,,FWD,99.9,33,0.0%,
Broja,33,,36,48,49,166,7.5,,,FWD,5.5,33,0.0%,
Thiaw,37,,58,62,62,219,10.9,,,DEF,5.0,37,0.0%,
Møller Wolfe,64,,60,60,59,243,13.5,,,DEF,4.5,64,0.0%,
Jackson Tchatchoua,27,,30,36,34,127,0.3,,,DEF,99.9,27,0.0%,
Masuaku,20,,24,23,18,85,5.3,,,DEF,4.0,20,0.0%,
Leif Davis,0,,0,13,10,23,0.1,,,DEF,99.9,0,0.0%,
Mateus Mané,0,,1,1,3,5,0.0,,,FWD,99.9,0,0.0%,
Sam Chambers,0,,0,0,0,0,0.0,,,MID,99.9,0,0.0%,
Rio Cardines,0,,0,0,0,0,0.0,,,DEF,99.9,0,0.0%,
